appId,languages,Countries,language_name
com.wanderlog.ios,EN,United States,English
com.wanderlog.ios,EN,United Kingdom,English
com.wanderlog.ios,EN,Canada,English
com.wanderlog.ios,EN,Australia,English
com.wanderlog.ios,EN,Ireland,English
com.wanderlog.ios,EN,New Zealand,English
com.wanderlog.ios,EN,South Africa,English
com.tripit.tripitmobile,EN,United States,English
com.tripit.tripitmobile,EN,United Kingdom,English
com.tripit.tripitmobile,EN,Canada,English
com.tripit.tripitmobile,EN,Australia,English
com.tripit.tripitmobile,EN,Ireland,English
com.tripit.tripitmobile,EN,New Zealand,English
com.tripit.tripitmobile,EN,South Africa,English
com.tripit.tripitmobile,FR,France,French
com.tripit.tripitmobile,FR,Canada,French
com.tripit.tripitmobile,FR,Belgium,French
com.tripit.tripitmobile,FR,Switzerland,French
com.tripit.tripitmobile,FR,Luxembourg,French
com.tripit.tripitmobile,FR,Monaco,French
com.tripit.tripitmobile,FR,Congo,French
com.tripit.tripitmobile,FR,Ivory Coast,French
com.tripit.tripitmobile,FR,Madagascar,French
com.tripit.tripitmobile,FR,Cameroon,French
com.tripit.tripitmobile,FR,Burkina Faso,French
com.tripit.tripitmobile,FR,Niger,French
com.tripit.tripitmobile,FR,Senegal,French
com.tripit.tripitmobile,FR,Mali,French
com.tripit.tripitmobile,FR,Rwanda,French
com.tripit.tripitmobile,FR,Belgium,French
com.tripit.tripitmobile,FR,Guinea,French
com.tripit.tripitmobile,DE,Germany,German
com.tripit.tripitmobile,DE,Austria,German
com.tripit.tripitmobile,DE,Switzerland,German
com.tripit.tripitmobile,DE,Luxembourg,German
com.tripit.tripitmobile,DE,Liechtenstein,German
com.tripit.tripitmobile,JA,Japan,Japanese
com.tripit.tripitmobile,ES,Spain,Spanish
com.tripit.tripitmobile,ES,Mexico,Spanish
com.tripit.tripitmobile,ES,Colombia,Spanish
com.tripit.tripitmobile,ES,Argentina,Spanish
com.tripit.tripitmobile,ES,Peru,Spanish
com.tripit.tripitmobile,ES,Venezuela,Spanish
com.tripit.tripitmobile,ES,Chile,Spanish
com.tripit.tripitmobile,ES,Ecuador,Spanish
com.tripit.tripitmobile,ES,Guatemala,Spanish
com.tripit.tripitmobile,ES,Cuba,Spanish
com.tripit.tripitmobile,ES,Bolivia,Spanish
com.tripit.tripitmobile,ES,Dominican Republic,Spanish
com.tripit.tripitmobile,ES,Honduras,Spanish
com.tripit.tripitmobile,ES,Paraguay,Spanish
com.tripit.tripitmobile,ES,El Salvador,Spanish
com.tripit.tripitmobile,ES,Nicaragua,Spanish
com.tripit.tripitmobile,ES,Costa Rica,Spanish
com.tripit.tripitmobile,ES,Puerto Rico,Spanish
com.tripit.tripitmobile,ES,Panama,Spanish
com.tripit.tripitmobile,ES,Uruguay,Spanish
app.tripsy.ios,AR,Saudi Arabia,Arabic
app.tripsy.ios,AR,Iraq,Arabic
app.tripsy.ios,AR,Egypt,Arabic
app.tripsy.ios,AR,Algeria,Arabic
app.tripsy.ios,AR,Morocco,Arabic
app.tripsy.ios,AR,Sudan,Arabic
app.tripsy.ios,AR,Yemen,Arabic
app.tripsy.ios,AR,Syria,Arabic
app.tripsy.ios,AR,Tunisia,Arabic
app.tripsy.ios,AR,Jordan,Arabic
app.tripsy.ios,AR,Libya,Arabic
app.tripsy.ios,AR,Lebanon,Arabic
app.tripsy.ios,AR,Oman,Arabic
app.tripsy.ios,AR,Kuwait,Arabic
app.tripsy.ios,AR,Mauritania,Arabic
app.tripsy.ios,AR,Qatar,Arabic
app.tripsy.ios,AR,Bahrain,Arabic
app.tripsy.ios,AR,United Arab Emirates,Arabic
app.tripsy.ios,EN,United States,English
app.tripsy.ios,EN,United Kingdom,English
app.tripsy.ios,EN,Canada,English
app.tripsy.ios,EN,Australia,English
app.tripsy.ios,EN,Ireland,English
app.tripsy.ios,EN,New Zealand,English
app.tripsy.ios,EN,South Africa,English
app.tripsy.ios,FR,France,French
app.tripsy.ios,FR,Canada,French
app.tripsy.ios,FR,Belgium,French
app.tripsy.ios,FR,Switzerland,French
app.tripsy.ios,FR,Luxembourg,French
app.tripsy.ios,FR,Monaco,French
app.tripsy.ios,FR,Congo,French
app.tripsy.ios,FR,Ivory Coast,French
app.tripsy.ios,FR,Madagascar,French
app.tripsy.ios,FR,Cameroon,French
app.tripsy.ios,FR,Burkina Faso,French
app.tripsy.ios,FR,Niger,French
app.tripsy.ios,FR,Senegal,French
app.tripsy.ios,FR,Mali,French
app.tripsy.ios,FR,Rwanda,French
app.tripsy.ios,FR,Belgium,French
app.tripsy.ios,FR,Guinea,French
app.tripsy.ios,DE,Germany,German
app.tripsy.ios,DE,Austria,German
app.tripsy.ios,DE,Switzerland,German
app.tripsy.ios,DE,Luxembourg,German
app.tripsy.ios,DE,Liechtenstein,German
app.tripsy.ios,IT,Italy,Italian
app.tripsy.ios,IT,Switzerland,Italian
app.tripsy.ios,IT,San Marino,Italian
app.tripsy.ios,IT,Vatican City,Italian
app.tripsy.ios,JA,Japan,Japanese
app.tripsy.ios,PT,Portugal,Portuguese
app.tripsy.ios,PT,Brazil,Portuguese
app.tripsy.ios,PT,Angola,Portuguese
app.tripsy.ios,PT,Mozambique,Portuguese
app.tripsy.ios,PT,Cape Verde,Portuguese
app.tripsy.ios,PT,Guinea-Bissau,Portuguese
app.tripsy.ios,PT,São Tomé and Príncipe,Portuguese
app.tripsy.ios,PT,East Timor,Portuguese
app.tripsy.ios,RU,Russia,Russian
app.tripsy.ios,RU,Belarus,Russian
app.tripsy.ios,RU,Kazakhstan,Russian
app.tripsy.ios,RU,Kyrgyzstan,Russian
app.tripsy.ios,ZH,China,Chinese
app.tripsy.ios,ZH,Taiwan,Chinese
app.tripsy.ios,ZH,Singapore,Chinese
app.tripsy.ios,ZH,Malaysia,Chinese
app.tripsy.ios,ES,Spain,Spanish
app.tripsy.ios,ES,Mexico,Spanish
app.tripsy.ios,ES,Colombia,Spanish
app.tripsy.ios,ES,Argentina,Spanish
app.tripsy.ios,ES,Peru,Spanish
app.tripsy.ios,ES,Venezuela,Spanish
app.tripsy.ios,ES,Chile,Spanish
app.tripsy.ios,ES,Ecuador,Spanish
app.tripsy.ios,ES,Guatemala,Spanish
app.tripsy.ios,ES,Cuba,Spanish
app.tripsy.ios,ES,Bolivia,Spanish
app.tripsy.ios,ES,Dominican Republic,Spanish
app.tripsy.ios,ES,Honduras,Spanish
app.tripsy.ios,ES,Paraguay,Spanish
app.tripsy.ios,ES,El Salvador,Spanish
app.tripsy.ios,ES,Nicaragua,Spanish
app.tripsy.ios,ES,Costa Rica,Spanish
app.tripsy.ios,ES,Puerto Rico,Spanish
app.tripsy.ios,ES,Panama,Spanish
app.tripsy.ios,ES,Uruguay,Spanish
com.roadtrippers.roadtrippersinc,EN,United States,English
com.roadtrippers.roadtrippersinc,EN,United Kingdom,English
com.roadtrippers.roadtrippersinc,EN,Canada,English
com.roadtrippers.roadtrippersinc,EN,Australia,English
com.roadtrippers.roadtrippersinc,EN,Ireland,English
com.roadtrippers.roadtrippersinc,EN,New Zealand,English
com.roadtrippers.roadtrippersinc,EN,South Africa,English
co.tripscout.tripscout,EN,United States,English
co.tripscout.tripscout,EN,United Kingdom,English
co.tripscout.tripscout,EN,Canada,English
co.tripscout.tripscout,EN,Australia,English
co.tripscout.tripscout,EN,Ireland,English
co.tripscout.tripscout,EN,New Zealand,English
co.tripscout.tripscout,EN,South Africa,English
com.visitacity.visitacityapp,EN,United States,English
com.visitacity.visitacityapp,EN,United Kingdom,English
com.visitacity.visitacityapp,EN,Canada,English
com.visitacity.visitacityapp,EN,Australia,English
com.visitacity.visitacityapp,EN,Ireland,English
com.visitacity.visitacityapp,EN,New Zealand,English
com.visitacity.visitacityapp,EN,South Africa,English
com.tripadvisor.LocalPicks,AR,Saudi Arabia,Arabic
com.tripadvisor.LocalPicks,AR,Iraq,Arabic
com.tripadvisor.LocalPicks,AR,Egypt,Arabic
com.tripadvisor.LocalPicks,AR,Algeria,Arabic
com.tripadvisor.LocalPicks,AR,Morocco,Arabic
com.tripadvisor.LocalPicks,AR,Sudan,Arabic
com.tripadvisor.LocalPicks,AR,Yemen,Arabic
com.tripadvisor.LocalPicks,AR,Syria,Arabic
com.tripadvisor.LocalPicks,AR,Tunisia,Arabic
com.tripadvisor.LocalPicks,AR,Jordan,Arabic
com.tripadvisor.LocalPicks,AR,Libya,Arabic
com.tripadvisor.LocalPicks,AR,Lebanon,Arabic
com.tripadvisor.LocalPicks,AR,Oman,Arabic
com.tripadvisor.LocalPicks,AR,Kuwait,Arabic
com.tripadvisor.LocalPicks,AR,Mauritania,Arabic
com.tripadvisor.LocalPicks,AR,Qatar,Arabic
com.tripadvisor.LocalPicks,AR,Bahrain,Arabic
com.tripadvisor.LocalPicks,AR,United Arab Emirates,Arabic
com.tripadvisor.LocalPicks,CS,Czech Republic,Czech
com.tripadvisor.LocalPicks,CS,Slovakia,Czech
com.tripadvisor.LocalPicks,DA,Denmark,Danish
com.tripadvisor.LocalPicks,DA,Greenland,Danish
com.tripadvisor.LocalPicks,DA,Faroe Islands,Danish
com.tripadvisor.LocalPicks,NL,Netherlands,Dutch
com.tripadvisor.LocalPicks,NL,Belgium,Dutch
com.tripadvisor.LocalPicks,NL,Suriname,Dutch
com.tripadvisor.LocalPicks,EN,United States,English
com.tripadvisor.LocalPicks,EN,United Kingdom,English
com.tripadvisor.LocalPicks,EN,Canada,English
com.tripadvisor.LocalPicks,EN,Australia,English
com.tripadvisor.LocalPicks,EN,Ireland,English
com.tripadvisor.LocalPicks,EN,New Zealand,English
com.tripadvisor.LocalPicks,EN,South Africa,English
com.tripadvisor.LocalPicks,FI,Finland,Finnish
com.tripadvisor.LocalPicks,FI,Sweden,Finnish
com.tripadvisor.LocalPicks,FR,France,French
com.tripadvisor.LocalPicks,FR,Canada,French
com.tripadvisor.LocalPicks,FR,Belgium,French
com.tripadvisor.LocalPicks,FR,Switzerland,French
com.tripadvisor.LocalPicks,FR,Luxembourg,French
com.tripadvisor.LocalPicks,FR,Monaco,French
com.tripadvisor.LocalPicks,FR,Congo,French
com.tripadvisor.LocalPicks,FR,Ivory Coast,French
com.tripadvisor.LocalPicks,FR,Madagascar,French
com.tripadvisor.LocalPicks,FR,Cameroon,French
com.tripadvisor.LocalPicks,FR,Burkina Faso,French
com.tripadvisor.LocalPicks,FR,Niger,French
com.tripadvisor.LocalPicks,FR,Senegal,French
com.tripadvisor.LocalPicks,FR,Mali,French
com.tripadvisor.LocalPicks,FR,Rwanda,French
com.tripadvisor.LocalPicks,FR,Belgium,French
com.tripadvisor.LocalPicks,FR,Guinea,French
com.tripadvisor.LocalPicks,DE,Germany,German
com.tripadvisor.LocalPicks,DE,Austria,German
com.tripadvisor.LocalPicks,DE,Switzerland,German
com.tripadvisor.LocalPicks,DE,Luxembourg,German
com.tripadvisor.LocalPicks,DE,Liechtenstein,German
com.tripadvisor.LocalPicks,EL,Greece,Modern Greek (1453-)
com.tripadvisor.LocalPicks,EL,Cyprus,Modern Greek (1453-)
com.tripadvisor.LocalPicks,HE,Israel,Hebrew
com.tripadvisor.LocalPicks,HU,Hungary,Hungarian
com.tripadvisor.LocalPicks,ID,Indonesia,Indonesian
com.tripadvisor.LocalPicks,IT,Italy,Italian
com.tripadvisor.LocalPicks,IT,Switzerland,Italian
com.tripadvisor.LocalPicks,IT,San Marino,Italian
com.tripadvisor.LocalPicks,IT,Vatican City,Italian
com.tripadvisor.LocalPicks,JA,Japan,Japanese
com.tripadvisor.LocalPicks,KO,South Korea,Korean
com.tripadvisor.LocalPicks,KO,North Korea,Korean
com.tripadvisor.LocalPicks,NB,Norway,Norwegian Bokmål
com.tripadvisor.LocalPicks,PL,Poland,Polish
com.tripadvisor.LocalPicks,PT,Portugal,Portuguese
com.tripadvisor.LocalPicks,PT,Brazil,Portuguese
com.tripadvisor.LocalPicks,PT,Angola,Portuguese
com.tripadvisor.LocalPicks,PT,Mozambique,Portuguese
com.tripadvisor.LocalPicks,PT,Cape Verde,Portuguese
com.tripadvisor.LocalPicks,PT,Guinea-Bissau,Portuguese
com.tripadvisor.LocalPicks,PT,São Tomé and Príncipe,Portuguese
com.tripadvisor.LocalPicks,PT,East Timor,Portuguese
com.tripadvisor.LocalPicks,RU,Russia,Russian
com.tripadvisor.LocalPicks,RU,Belarus,Russian
com.tripadvisor.LocalPicks,RU,Kazakhstan,Russian
com.tripadvisor.LocalPicks,RU,Kyrgyzstan,Russian
com.tripadvisor.LocalPicks,SR,Serbia,Serbian
com.tripadvisor.LocalPicks,SR,Bosnia and Herzegovina,Serbian
com.tripadvisor.LocalPicks,SR,Montenegro,Serbian
com.tripadvisor.LocalPicks,SR,Kosovo,Serbian
com.tripadvisor.LocalPicks,ZH,China,Chinese
com.tripadvisor.LocalPicks,ZH,Taiwan,Chinese
com.tripadvisor.LocalPicks,ZH,Singapore,Chinese
com.tripadvisor.LocalPicks,ZH,Malaysia,Chinese
com.tripadvisor.LocalPicks,SK,Slovakia,Slovak
com.tripadvisor.LocalPicks,ES,Spain,Spanish
com.tripadvisor.LocalPicks,ES,Mexico,Spanish
com.tripadvisor.LocalPicks,ES,Colombia,Spanish
com.tripadvisor.LocalPicks,ES,Argentina,Spanish
com.tripadvisor.LocalPicks,ES,Peru,Spanish
com.tripadvisor.LocalPicks,ES,Venezuela,Spanish
com.tripadvisor.LocalPicks,ES,Chile,Spanish
com.tripadvisor.LocalPicks,ES,Ecuador,Spanish
com.tripadvisor.LocalPicks,ES,Guatemala,Spanish
com.tripadvisor.LocalPicks,ES,Cuba,Spanish
com.tripadvisor.LocalPicks,ES,Bolivia,Spanish
com.tripadvisor.LocalPicks,ES,Dominican Republic,Spanish
com.tripadvisor.LocalPicks,ES,Honduras,Spanish
com.tripadvisor.LocalPicks,ES,Paraguay,Spanish
com.tripadvisor.LocalPicks,ES,El Salvador,Spanish
com.tripadvisor.LocalPicks,ES,Nicaragua,Spanish
com.tripadvisor.LocalPicks,ES,Costa Rica,Spanish
com.tripadvisor.LocalPicks,ES,Puerto Rico,Spanish
com.tripadvisor.LocalPicks,ES,Panama,Spanish
com.tripadvisor.LocalPicks,ES,Uruguay,Spanish
com.tripadvisor.LocalPicks,SV,Sweden,Swedish
com.tripadvisor.LocalPicks,TH,Thailand,Thai
com.tripadvisor.LocalPicks,ZH,China,Chinese
com.tripadvisor.LocalPicks,ZH,Taiwan,Chinese
com.tripadvisor.LocalPicks,ZH,Singapore,Chinese
com.tripadvisor.LocalPicks,ZH,Malaysia,Chinese
com.tripadvisor.LocalPicks,TR,Turkey,Turkish
com.tripadvisor.LocalPicks,TR,Cyprus,Turkish
com.tripadvisor.LocalPicks,VI,Vietnam,Vietnamese
com.travefy.travelplannersapp.tripplans,EN,United States,English
com.travefy.travelplannersapp.tripplans,EN,United Kingdom,English
com.travefy.travelplannersapp.tripplans,EN,Canada,English
com.travefy.travelplannersapp.tripplans,EN,Australia,English
com.travefy.travelplannersapp.tripplans,EN,Ireland,English
com.travefy.travelplannersapp.tripplans,EN,New Zealand,English
com.travefy.travelplannersapp.tripplans,EN,South Africa,English
com.viator,DA,Denmark,Danish
com.viator,DA,Greenland,Danish
com.viator,DA,Faroe Islands,Danish
com.viator,NL,Netherlands,Dutch
com.viator,NL,Belgium,Dutch
com.viator,NL,Suriname,Dutch
com.viator,EN,United States,English
com.viator,EN,United Kingdom,English
com.viator,EN,Canada,English
com.viator,EN,Australia,English
com.viator,EN,Ireland,English
com.viator,EN,New Zealand,English
com.viator,EN,South Africa,English
com.viator,FR,France,French
com.viator,FR,Canada,French
com.viator,FR,Belgium,French
com.viator,FR,Switzerland,French
com.viator,FR,Luxembourg,French
com.viator,FR,Monaco,French
com.viator,FR,Congo,French
com.viator,FR,Ivory Coast,French
com.viator,FR,Madagascar,French
com.viator,FR,Cameroon,French
com.viator,FR,Burkina Faso,French
com.viator,FR,Niger,French
com.viator,FR,Senegal,French
com.viator,FR,Mali,French
com.viator,FR,Rwanda,French
com.viator,FR,Belgium,French
com.viator,FR,Guinea,French
com.viator,DE,Germany,German
com.viator,DE,Austria,German
com.viator,DE,Switzerland,German
com.viator,DE,Luxembourg,German
com.viator,DE,Liechtenstein,German
com.viator,IT,Italy,Italian
com.viator,IT,Switzerland,Italian
com.viator,IT,San Marino,Italian
com.viator,IT,Vatican City,Italian
com.viator,JA,Japan,Japanese
com.viator,NB,Norway,Norwegian Bokmål
com.viator,PT,Portugal,Portuguese
com.viator,PT,Brazil,Portuguese
com.viator,PT,Angola,Portuguese
com.viator,PT,Mozambique,Portuguese
com.viator,PT,Cape Verde,Portuguese
com.viator,PT,Guinea-Bissau,Portuguese
com.viator,PT,São Tomé and Príncipe,Portuguese
com.viator,PT,East Timor,Portuguese
com.viator,ES,Spain,Spanish
com.viator,ES,Mexico,Spanish
com.viator,ES,Colombia,Spanish
com.viator,ES,Argentina,Spanish
com.viator,ES,Peru,Spanish
com.viator,ES,Venezuela,Spanish
com.viator,ES,Chile,Spanish
com.viator,ES,Ecuador,Spanish
com.viator,ES,Guatemala,Spanish
com.viator,ES,Cuba,Spanish
com.viator,ES,Bolivia,Spanish
com.viator,ES,Dominican Republic,Spanish
com.viator,ES,Honduras,Spanish
com.viator,ES,Paraguay,Spanish
com.viator,ES,El Salvador,Spanish
com.viator,ES,Nicaragua,Spanish
com.viator,ES,Costa Rica,Spanish
com.viator,ES,Puerto Rico,Spanish
com.viator,ES,Panama,Spanish
com.viator,ES,Uruguay,Spanish
com.viator,SV,Sweden,Swedish
com.rmitech.nowy,EN,United States,English
com.rmitech.nowy,EN,United Kingdom,English
com.rmitech.nowy,EN,Canada,English
com.rmitech.nowy,EN,Australia,English
com.rmitech.nowy,EN,Ireland,English
com.rmitech.nowy,EN,New Zealand,English
com.rmitech.nowy,EN,South Africa,English
flamingo.com.uk.Flamingo,EN,United States,English
flamingo.com.uk.Flamingo,EN,United Kingdom,English
flamingo.com.uk.Flamingo,EN,Canada,English
flamingo.com.uk.Flamingo,EN,Australia,English
flamingo.com.uk.Flamingo,EN,Ireland,English
flamingo.com.uk.Flamingo,EN,New Zealand,English
flamingo.com.uk.Flamingo,EN,South Africa,English
com.jeremieleroy.packr,AR,Saudi Arabia,Arabic
com.jeremieleroy.packr,AR,Iraq,Arabic
com.jeremieleroy.packr,AR,Egypt,Arabic
com.jeremieleroy.packr,AR,Algeria,Arabic
com.jeremieleroy.packr,AR,Morocco,Arabic
com.jeremieleroy.packr,AR,Sudan,Arabic
com.jeremieleroy.packr,AR,Yemen,Arabic
com.jeremieleroy.packr,AR,Syria,Arabic
com.jeremieleroy.packr,AR,Tunisia,Arabic
com.jeremieleroy.packr,AR,Jordan,Arabic
com.jeremieleroy.packr,AR,Libya,Arabic
com.jeremieleroy.packr,AR,Lebanon,Arabic
com.jeremieleroy.packr,AR,Oman,Arabic
com.jeremieleroy.packr,AR,Kuwait,Arabic
com.jeremieleroy.packr,AR,Mauritania,Arabic
com.jeremieleroy.packr,AR,Qatar,Arabic
com.jeremieleroy.packr,AR,Bahrain,Arabic
com.jeremieleroy.packr,AR,United Arab Emirates,Arabic
com.jeremieleroy.packr,CA,Spain,Catalan
com.jeremieleroy.packr,CA,Andorra,Catalan
com.jeremieleroy.packr,CS,Czech Republic,Czech
com.jeremieleroy.packr,CS,Slovakia,Czech
com.jeremieleroy.packr,DA,Denmark,Danish
com.jeremieleroy.packr,DA,Greenland,Danish
com.jeremieleroy.packr,DA,Faroe Islands,Danish
com.jeremieleroy.packr,NL,Netherlands,Dutch
com.jeremieleroy.packr,NL,Belgium,Dutch
com.jeremieleroy.packr,NL,Suriname,Dutch
com.jeremieleroy.packr,EN,United States,English
com.jeremieleroy.packr,EN,United Kingdom,English
com.jeremieleroy.packr,EN,Canada,English
com.jeremieleroy.packr,EN,Australia,English
com.jeremieleroy.packr,EN,Ireland,English
com.jeremieleroy.packr,EN,New Zealand,English
com.jeremieleroy.packr,EN,South Africa,English
com.jeremieleroy.packr,FI,Finland,Finnish
com.jeremieleroy.packr,FI,Sweden,Finnish
com.jeremieleroy.packr,FR,France,French
com.jeremieleroy.packr,FR,Canada,French
com.jeremieleroy.packr,FR,Belgium,French
com.jeremieleroy.packr,FR,Switzerland,French
com.jeremieleroy.packr,FR,Luxembourg,French
com.jeremieleroy.packr,FR,Monaco,French
com.jeremieleroy.packr,FR,Congo,French
com.jeremieleroy.packr,FR,Ivory Coast,French
com.jeremieleroy.packr,FR,Madagascar,French
com.jeremieleroy.packr,FR,Cameroon,French
com.jeremieleroy.packr,FR,Burkina Faso,French
com.jeremieleroy.packr,FR,Niger,French
com.jeremieleroy.packr,FR,Senegal,French
com.jeremieleroy.packr,FR,Mali,French
com.jeremieleroy.packr,FR,Rwanda,French
com.jeremieleroy.packr,FR,Belgium,French
com.jeremieleroy.packr,FR,Guinea,French
com.jeremieleroy.packr,DE,Germany,German
com.jeremieleroy.packr,DE,Austria,German
com.jeremieleroy.packr,DE,Switzerland,German
com.jeremieleroy.packr,DE,Luxembourg,German
com.jeremieleroy.packr,DE,Liechtenstein,German
com.jeremieleroy.packr,EL,Greece,Modern Greek (1453-)
com.jeremieleroy.packr,EL,Cyprus,Modern Greek (1453-)
com.jeremieleroy.packr,HE,Israel,Hebrew
com.jeremieleroy.packr,HI,India,Hindi
com.jeremieleroy.packr,HU,Hungary,Hungarian
com.jeremieleroy.packr,ID,Indonesia,Indonesian
com.jeremieleroy.packr,IT,Italy,Italian
com.jeremieleroy.packr,IT,Switzerland,Italian
com.jeremieleroy.packr,IT,San Marino,Italian
com.jeremieleroy.packr,IT,Vatican City,Italian
com.jeremieleroy.packr,JA,Japan,Japanese
com.jeremieleroy.packr,KO,South Korea,Korean
com.jeremieleroy.packr,KO,North Korea,Korean
com.jeremieleroy.packr,LT,Lithuania,Lithuanian
com.jeremieleroy.packr,MS,Malaysia,Malay (macrolanguage)
com.jeremieleroy.packr,MS,Brunei,Malay (macrolanguage)
com.jeremieleroy.packr,MS,Singapore,Malay (macrolanguage)
com.jeremieleroy.packr,NB,Norway,Norwegian Bokmål
com.jeremieleroy.packr,PL,Poland,Polish
com.jeremieleroy.packr,PT,Portugal,Portuguese
com.jeremieleroy.packr,PT,Brazil,Portuguese
com.jeremieleroy.packr,PT,Angola,Portuguese
com.jeremieleroy.packr,PT,Mozambique,Portuguese
com.jeremieleroy.packr,PT,Cape Verde,Portuguese
com.jeremieleroy.packr,PT,Guinea-Bissau,Portuguese
com.jeremieleroy.packr,PT,São Tomé and Príncipe,Portuguese
com.jeremieleroy.packr,PT,East Timor,Portuguese
com.jeremieleroy.packr,RO,Romania,Romanian
com.jeremieleroy.packr,RO,Moldova,Romanian
com.jeremieleroy.packr,RU,Russia,Russian
com.jeremieleroy.packr,RU,Belarus,Russian
com.jeremieleroy.packr,RU,Kazakhstan,Russian
com.jeremieleroy.packr,RU,Kyrgyzstan,Russian
com.jeremieleroy.packr,ZH,China,Chinese
com.jeremieleroy.packr,ZH,Taiwan,Chinese
com.jeremieleroy.packr,ZH,Singapore,Chinese
com.jeremieleroy.packr,ZH,Malaysia,Chinese
com.jeremieleroy.packr,SK,Slovakia,Slovak
com.jeremieleroy.packr,ES,Spain,Spanish
com.jeremieleroy.packr,ES,Mexico,Spanish
com.jeremieleroy.packr,ES,Colombia,Spanish
com.jeremieleroy.packr,ES,Argentina,Spanish
com.jeremieleroy.packr,ES,Peru,Spanish
com.jeremieleroy.packr,ES,Venezuela,Spanish
com.jeremieleroy.packr,ES,Chile,Spanish
com.jeremieleroy.packr,ES,Ecuador,Spanish
com.jeremieleroy.packr,ES,Guatemala,Spanish
com.jeremieleroy.packr,ES,Cuba,Spanish
com.jeremieleroy.packr,ES,Bolivia,Spanish
com.jeremieleroy.packr,ES,Dominican Republic,Spanish
com.jeremieleroy.packr,ES,Honduras,Spanish
com.jeremieleroy.packr,ES,Paraguay,Spanish
com.jeremieleroy.packr,ES,El Salvador,Spanish
com.jeremieleroy.packr,ES,Nicaragua,Spanish
com.jeremieleroy.packr,ES,Costa Rica,Spanish
com.jeremieleroy.packr,ES,Puerto Rico,Spanish
com.jeremieleroy.packr,ES,Panama,Spanish
com.jeremieleroy.packr,ES,Uruguay,Spanish
com.jeremieleroy.packr,SV,Sweden,Swedish
com.jeremieleroy.packr,TL,Timor-Leste,Tagalog
com.jeremieleroy.packr,TH,Thailand,Thai
com.jeremieleroy.packr,ZH,China,Chinese
com.jeremieleroy.packr,ZH,Taiwan,Chinese
com.jeremieleroy.packr,ZH,Singapore,Chinese
com.jeremieleroy.packr,ZH,Malaysia,Chinese
com.jeremieleroy.packr,TR,Turkey,Turkish
com.jeremieleroy.packr,TR,Cyprus,Turkish
com.jeremieleroy.packr,UK,Ukraine,Ukrainian
com.jeremieleroy.packr,VI,Vietnam,Vietnamese
com.pluto.travel,EN,United States,English
com.pluto.travel,EN,United Kingdom,English
com.pluto.travel,EN,Canada,English
com.pluto.travel,EN,Australia,English
com.pluto.travel,EN,Ireland,English
com.pluto.travel,EN,New Zealand,English
com.pluto.travel,EN,South Africa,English
com.hopper.flights,NL,Netherlands,Dutch
com.hopper.flights,NL,Belgium,Dutch
com.hopper.flights,NL,Suriname,Dutch
com.hopper.flights,EN,United States,English
com.hopper.flights,EN,United Kingdom,English
com.hopper.flights,EN,Canada,English
com.hopper.flights,EN,Australia,English
com.hopper.flights,EN,Ireland,English
com.hopper.flights,EN,New Zealand,English
com.hopper.flights,EN,South Africa,English
com.hopper.flights,FR,France,French
com.hopper.flights,FR,Canada,French
com.hopper.flights,FR,Belgium,French
com.hopper.flights,FR,Switzerland,French
com.hopper.flights,FR,Luxembourg,French
com.hopper.flights,FR,Monaco,French
com.hopper.flights,FR,Congo,French
com.hopper.flights,FR,Ivory Coast,French
com.hopper.flights,FR,Madagascar,French
com.hopper.flights,FR,Cameroon,French
com.hopper.flights,FR,Burkina Faso,French
com.hopper.flights,FR,Niger,French
com.hopper.flights,FR,Senegal,French
com.hopper.flights,FR,Mali,French
com.hopper.flights,FR,Rwanda,French
com.hopper.flights,FR,Belgium,French
com.hopper.flights,FR,Guinea,French
com.hopper.flights,DE,Germany,German
com.hopper.flights,DE,Austria,German
com.hopper.flights,DE,Switzerland,German
com.hopper.flights,DE,Luxembourg,German
com.hopper.flights,DE,Liechtenstein,German
com.hopper.flights,IT,Italy,Italian
com.hopper.flights,IT,Switzerland,Italian
com.hopper.flights,IT,San Marino,Italian
com.hopper.flights,IT,Vatican City,Italian
com.hopper.flights,PT,Portugal,Portuguese
com.hopper.flights,PT,Brazil,Portuguese
com.hopper.flights,PT,Angola,Portuguese
com.hopper.flights,PT,Mozambique,Portuguese
com.hopper.flights,PT,Cape Verde,Portuguese
com.hopper.flights,PT,Guinea-Bissau,Portuguese
com.hopper.flights,PT,São Tomé and Príncipe,Portuguese
com.hopper.flights,PT,East Timor,Portuguese
com.hopper.flights,ZH,China,Chinese
com.hopper.flights,ZH,Taiwan,Chinese
com.hopper.flights,ZH,Singapore,Chinese
com.hopper.flights,ZH,Malaysia,Chinese
com.hopper.flights,ES,Spain,Spanish
com.hopper.flights,ES,Mexico,Spanish
com.hopper.flights,ES,Colombia,Spanish
com.hopper.flights,ES,Argentina,Spanish
com.hopper.flights,ES,Peru,Spanish
com.hopper.flights,ES,Venezuela,Spanish
com.hopper.flights,ES,Chile,Spanish
com.hopper.flights,ES,Ecuador,Spanish
com.hopper.flights,ES,Guatemala,Spanish
com.hopper.flights,ES,Cuba,Spanish
com.hopper.flights,ES,Bolivia,Spanish
com.hopper.flights,ES,Dominican Republic,Spanish
com.hopper.flights,ES,Honduras,Spanish
com.hopper.flights,ES,Paraguay,Spanish
com.hopper.flights,ES,El Salvador,Spanish
com.hopper.flights,ES,Nicaragua,Spanish
com.hopper.flights,ES,Costa Rica,Spanish
com.hopper.flights,ES,Puerto Rico,Spanish
com.hopper.flights,ES,Panama,Spanish
com.hopper.flights,ES,Uruguay,Spanish
com.hopper.flights,TH,Thailand,Thai
net.skyscanner.iphone,AR,Saudi Arabia,Arabic
net.skyscanner.iphone,AR,Iraq,Arabic
net.skyscanner.iphone,AR,Egypt,Arabic
net.skyscanner.iphone,AR,Algeria,Arabic
net.skyscanner.iphone,AR,Morocco,Arabic
net.skyscanner.iphone,AR,Sudan,Arabic
net.skyscanner.iphone,AR,Yemen,Arabic
net.skyscanner.iphone,AR,Syria,Arabic
net.skyscanner.iphone,AR,Tunisia,Arabic
net.skyscanner.iphone,AR,Jordan,Arabic
net.skyscanner.iphone,AR,Libya,Arabic
net.skyscanner.iphone,AR,Lebanon,Arabic
net.skyscanner.iphone,AR,Oman,Arabic
net.skyscanner.iphone,AR,Kuwait,Arabic
net.skyscanner.iphone,AR,Mauritania,Arabic
net.skyscanner.iphone,AR,Qatar,Arabic
net.skyscanner.iphone,AR,Bahrain,Arabic
net.skyscanner.iphone,AR,United Arab Emirates,Arabic
net.skyscanner.iphone,BG,Bulgaria,Bulgarian
net.skyscanner.iphone,CA,Spain,Catalan
net.skyscanner.iphone,CA,Andorra,Catalan
net.skyscanner.iphone,HR,Croatia,Croatian
net.skyscanner.iphone,HR,Bosnia and Herzegovina,Croatian
net.skyscanner.iphone,CS,Czech Republic,Czech
net.skyscanner.iphone,CS,Slovakia,Czech
net.skyscanner.iphone,DA,Denmark,Danish
net.skyscanner.iphone,DA,Greenland,Danish
net.skyscanner.iphone,DA,Faroe Islands,Danish
net.skyscanner.iphone,NL,Netherlands,Dutch
net.skyscanner.iphone,NL,Belgium,Dutch
net.skyscanner.iphone,NL,Suriname,Dutch
net.skyscanner.iphone,EN,United States,English
net.skyscanner.iphone,EN,United Kingdom,English
net.skyscanner.iphone,EN,Canada,English
net.skyscanner.iphone,EN,Australia,English
net.skyscanner.iphone,EN,Ireland,English
net.skyscanner.iphone,EN,New Zealand,English
net.skyscanner.iphone,EN,South Africa,English
net.skyscanner.iphone,FI,Finland,Finnish
net.skyscanner.iphone,FI,Sweden,Finnish
net.skyscanner.iphone,FR,France,French
net.skyscanner.iphone,FR,Canada,French
net.skyscanner.iphone,FR,Belgium,French
net.skyscanner.iphone,FR,Switzerland,French
net.skyscanner.iphone,FR,Luxembourg,French
net.skyscanner.iphone,FR,Monaco,French
net.skyscanner.iphone,FR,Congo,French
net.skyscanner.iphone,FR,Ivory Coast,French
net.skyscanner.iphone,FR,Madagascar,French
net.skyscanner.iphone,FR,Cameroon,French
net.skyscanner.iphone,FR,Burkina Faso,French
net.skyscanner.iphone,FR,Niger,French
net.skyscanner.iphone,FR,Senegal,French
net.skyscanner.iphone,FR,Mali,French
net.skyscanner.iphone,FR,Rwanda,French
net.skyscanner.iphone,FR,Belgium,French
net.skyscanner.iphone,FR,Guinea,French
net.skyscanner.iphone,DE,Germany,German
net.skyscanner.iphone,DE,Austria,German
net.skyscanner.iphone,DE,Switzerland,German
net.skyscanner.iphone,DE,Luxembourg,German
net.skyscanner.iphone,DE,Liechtenstein,German
net.skyscanner.iphone,EL,Greece,Modern Greek (1453-)
net.skyscanner.iphone,EL,Cyprus,Modern Greek (1453-)
net.skyscanner.iphone,HE,Israel,Hebrew
net.skyscanner.iphone,HI,India,Hindi
net.skyscanner.iphone,HU,Hungary,Hungarian
net.skyscanner.iphone,ID,Indonesia,Indonesian
net.skyscanner.iphone,IT,Italy,Italian
net.skyscanner.iphone,IT,Switzerland,Italian
net.skyscanner.iphone,IT,San Marino,Italian
net.skyscanner.iphone,IT,Vatican City,Italian
net.skyscanner.iphone,JA,Japan,Japanese
net.skyscanner.iphone,KO,South Korea,Korean
net.skyscanner.iphone,KO,North Korea,Korean
net.skyscanner.iphone,MS,Malaysia,Malay (macrolanguage)
net.skyscanner.iphone,MS,Brunei,Malay (macrolanguage)
net.skyscanner.iphone,MS,Singapore,Malay (macrolanguage)
net.skyscanner.iphone,NB,Norway,Norwegian Bokmål
net.skyscanner.iphone,PL,Poland,Polish
net.skyscanner.iphone,PT,Portugal,Portuguese
net.skyscanner.iphone,PT,Brazil,Portuguese
net.skyscanner.iphone,PT,Angola,Portuguese
net.skyscanner.iphone,PT,Mozambique,Portuguese
net.skyscanner.iphone,PT,Cape Verde,Portuguese
net.skyscanner.iphone,PT,Guinea-Bissau,Portuguese
net.skyscanner.iphone,PT,São Tomé and Príncipe,Portuguese
net.skyscanner.iphone,PT,East Timor,Portuguese
net.skyscanner.iphone,RO,Romania,Romanian
net.skyscanner.iphone,RO,Moldova,Romanian
net.skyscanner.iphone,RU,Russia,Russian
net.skyscanner.iphone,RU,Belarus,Russian
net.skyscanner.iphone,RU,Kazakhstan,Russian
net.skyscanner.iphone,RU,Kyrgyzstan,Russian
net.skyscanner.iphone,ZH,China,Chinese
net.skyscanner.iphone,ZH,Taiwan,Chinese
net.skyscanner.iphone,ZH,Singapore,Chinese
net.skyscanner.iphone,ZH,Malaysia,Chinese
net.skyscanner.iphone,SK,Slovakia,Slovak
net.skyscanner.iphone,ES,Spain,Spanish
net.skyscanner.iphone,ES,Mexico,Spanish
net.skyscanner.iphone,ES,Colombia,Spanish
net.skyscanner.iphone,ES,Argentina,Spanish
net.skyscanner.iphone,ES,Peru,Spanish
net.skyscanner.iphone,ES,Venezuela,Spanish
net.skyscanner.iphone,ES,Chile,Spanish
net.skyscanner.iphone,ES,Ecuador,Spanish
net.skyscanner.iphone,ES,Guatemala,Spanish
net.skyscanner.iphone,ES,Cuba,Spanish
net.skyscanner.iphone,ES,Bolivia,Spanish
net.skyscanner.iphone,ES,Dominican Republic,Spanish
net.skyscanner.iphone,ES,Honduras,Spanish
net.skyscanner.iphone,ES,Paraguay,Spanish
net.skyscanner.iphone,ES,El Salvador,Spanish
net.skyscanner.iphone,ES,Nicaragua,Spanish
net.skyscanner.iphone,ES,Costa Rica,Spanish
net.skyscanner.iphone,ES,Puerto Rico,Spanish
net.skyscanner.iphone,ES,Panama,Spanish
net.skyscanner.iphone,ES,Uruguay,Spanish
net.skyscanner.iphone,SV,Sweden,Swedish
net.skyscanner.iphone,TL,Timor-Leste,Tagalog
net.skyscanner.iphone,TH,Thailand,Thai
net.skyscanner.iphone,ZH,China,Chinese
net.skyscanner.iphone,ZH,Taiwan,Chinese
net.skyscanner.iphone,ZH,Singapore,Chinese
net.skyscanner.iphone,ZH,Malaysia,Chinese
net.skyscanner.iphone,TR,Turkey,Turkish
net.skyscanner.iphone,TR,Cyprus,Turkish
net.skyscanner.iphone,UK,Ukraine,Ukrainian
net.skyscanner.iphone,VI,Vietnam,Vietnamese
com.HighHeels.Travelist,CA,Spain,Catalan
com.HighHeels.Travelist,CA,Andorra,Catalan
com.HighHeels.Travelist,HR,Croatia,Croatian
com.HighHeels.Travelist,HR,Bosnia and Herzegovina,Croatian
com.HighHeels.Travelist,CS,Czech Republic,Czech
com.HighHeels.Travelist,CS,Slovakia,Czech
com.HighHeels.Travelist,DA,Denmark,Danish
com.HighHeels.Travelist,DA,Greenland,Danish
com.HighHeels.Travelist,DA,Faroe Islands,Danish
com.HighHeels.Travelist,NL,Netherlands,Dutch
com.HighHeels.Travelist,NL,Belgium,Dutch
com.HighHeels.Travelist,NL,Suriname,Dutch
com.HighHeels.Travelist,EN,United States,English
com.HighHeels.Travelist,EN,United Kingdom,English
com.HighHeels.Travelist,EN,Canada,English
com.HighHeels.Travelist,EN,Australia,English
com.HighHeels.Travelist,EN,Ireland,English
com.HighHeels.Travelist,EN,New Zealand,English
com.HighHeels.Travelist,EN,South Africa,English
com.HighHeels.Travelist,FI,Finland,Finnish
com.HighHeels.Travelist,FI,Sweden,Finnish
com.HighHeels.Travelist,FR,France,French
com.HighHeels.Travelist,FR,Canada,French
com.HighHeels.Travelist,FR,Belgium,French
com.HighHeels.Travelist,FR,Switzerland,French
com.HighHeels.Travelist,FR,Luxembourg,French
com.HighHeels.Travelist,FR,Monaco,French
com.HighHeels.Travelist,FR,Congo,French
com.HighHeels.Travelist,FR,Ivory Coast,French
com.HighHeels.Travelist,FR,Madagascar,French
com.HighHeels.Travelist,FR,Cameroon,French
com.HighHeels.Travelist,FR,Burkina Faso,French
com.HighHeels.Travelist,FR,Niger,French
com.HighHeels.Travelist,FR,Senegal,French
com.HighHeels.Travelist,FR,Mali,French
com.HighHeels.Travelist,FR,Rwanda,French
com.HighHeels.Travelist,FR,Belgium,French
com.HighHeels.Travelist,FR,Guinea,French
com.HighHeels.Travelist,DE,Germany,German
com.HighHeels.Travelist,DE,Austria,German
com.HighHeels.Travelist,DE,Switzerland,German
com.HighHeels.Travelist,DE,Luxembourg,German
com.HighHeels.Travelist,DE,Liechtenstein,German
com.HighHeels.Travelist,EL,Greece,Modern Greek (1453-)
com.HighHeels.Travelist,EL,Cyprus,Modern Greek (1453-)
com.HighHeels.Travelist,HU,Hungary,Hungarian
com.HighHeels.Travelist,ID,Indonesia,Indonesian
com.HighHeels.Travelist,IT,Italy,Italian
com.HighHeels.Travelist,IT,Switzerland,Italian
com.HighHeels.Travelist,IT,San Marino,Italian
com.HighHeels.Travelist,IT,Vatican City,Italian
com.HighHeels.Travelist,JA,Japan,Japanese
com.HighHeels.Travelist,KO,South Korea,Korean
com.HighHeels.Travelist,KO,North Korea,Korean
com.HighHeels.Travelist,MS,Malaysia,Malay (macrolanguage)
com.HighHeels.Travelist,MS,Brunei,Malay (macrolanguage)
com.HighHeels.Travelist,MS,Singapore,Malay (macrolanguage)
com.HighHeels.Travelist,NB,Norway,Norwegian Bokmål
com.HighHeels.Travelist,PL,Poland,Polish
com.HighHeels.Travelist,PT,Portugal,Portuguese
com.HighHeels.Travelist,PT,Brazil,Portuguese
com.HighHeels.Travelist,PT,Angola,Portuguese
com.HighHeels.Travelist,PT,Mozambique,Portuguese
com.HighHeels.Travelist,PT,Cape Verde,Portuguese
com.HighHeels.Travelist,PT,Guinea-Bissau,Portuguese
com.HighHeels.Travelist,PT,São Tomé and Príncipe,Portuguese
com.HighHeels.Travelist,PT,East Timor,Portuguese
com.HighHeels.Travelist,RO,Romania,Romanian
com.HighHeels.Travelist,RO,Moldova,Romanian
com.HighHeels.Travelist,RU,Russia,Russian
com.HighHeels.Travelist,RU,Belarus,Russian
com.HighHeels.Travelist,RU,Kazakhstan,Russian
com.HighHeels.Travelist,RU,Kyrgyzstan,Russian
com.HighHeels.Travelist,SR,Serbia,Serbian
com.HighHeels.Travelist,SR,Bosnia and Herzegovina,Serbian
com.HighHeels.Travelist,SR,Montenegro,Serbian
com.HighHeels.Travelist,SR,Kosovo,Serbian
com.HighHeels.Travelist,ZH,China,Chinese
com.HighHeels.Travelist,ZH,Taiwan,Chinese
com.HighHeels.Travelist,ZH,Singapore,Chinese
com.HighHeels.Travelist,ZH,Malaysia,Chinese
com.HighHeels.Travelist,SK,Slovakia,Slovak
com.HighHeels.Travelist,ES,Spain,Spanish
com.HighHeels.Travelist,ES,Mexico,Spanish
com.HighHeels.Travelist,ES,Colombia,Spanish
com.HighHeels.Travelist,ES,Argentina,Spanish
com.HighHeels.Travelist,ES,Peru,Spanish
com.HighHeels.Travelist,ES,Venezuela,Spanish
com.HighHeels.Travelist,ES,Chile,Spanish
com.HighHeels.Travelist,ES,Ecuador,Spanish
com.HighHeels.Travelist,ES,Guatemala,Spanish
com.HighHeels.Travelist,ES,Cuba,Spanish
com.HighHeels.Travelist,ES,Bolivia,Spanish
com.HighHeels.Travelist,ES,Dominican Republic,Spanish
com.HighHeels.Travelist,ES,Honduras,Spanish
com.HighHeels.Travelist,ES,Paraguay,Spanish
com.HighHeels.Travelist,ES,El Salvador,Spanish
com.HighHeels.Travelist,ES,Nicaragua,Spanish
com.HighHeels.Travelist,ES,Costa Rica,Spanish
com.HighHeels.Travelist,ES,Puerto Rico,Spanish
com.HighHeels.Travelist,ES,Panama,Spanish
com.HighHeels.Travelist,ES,Uruguay,Spanish
com.HighHeels.Travelist,SV,Sweden,Swedish
com.HighHeels.Travelist,TH,Thailand,Thai
com.HighHeels.Travelist,ZH,China,Chinese
com.HighHeels.Travelist,ZH,Taiwan,Chinese
com.HighHeels.Travelist,ZH,Singapore,Chinese
com.HighHeels.Travelist,ZH,Malaysia,Chinese
com.HighHeels.Travelist,TR,Turkey,Turkish
com.HighHeels.Travelist,TR,Cyprus,Turkish
com.HighHeels.Travelist,UK,Ukraine,Ukrainian
com.HighHeels.Travelist,VI,Vietnam,Vietnamese
com.kayak.travel,AR,Saudi Arabia,Arabic
com.kayak.travel,AR,Iraq,Arabic
com.kayak.travel,AR,Egypt,Arabic
com.kayak.travel,AR,Algeria,Arabic
com.kayak.travel,AR,Morocco,Arabic
com.kayak.travel,AR,Sudan,Arabic
com.kayak.travel,AR,Yemen,Arabic
com.kayak.travel,AR,Syria,Arabic
com.kayak.travel,AR,Tunisia,Arabic
com.kayak.travel,AR,Jordan,Arabic
com.kayak.travel,AR,Libya,Arabic
com.kayak.travel,AR,Lebanon,Arabic
com.kayak.travel,AR,Oman,Arabic
com.kayak.travel,AR,Kuwait,Arabic
com.kayak.travel,AR,Mauritania,Arabic
com.kayak.travel,AR,Qatar,Arabic
com.kayak.travel,AR,Bahrain,Arabic
com.kayak.travel,AR,United Arab Emirates,Arabic
com.kayak.travel,CA,Spain,Catalan
com.kayak.travel,CA,Andorra,Catalan
com.kayak.travel,CS,Czech Republic,Czech
com.kayak.travel,CS,Slovakia,Czech
com.kayak.travel,DA,Denmark,Danish
com.kayak.travel,DA,Greenland,Danish
com.kayak.travel,DA,Faroe Islands,Danish
com.kayak.travel,NL,Netherlands,Dutch
com.kayak.travel,NL,Belgium,Dutch
com.kayak.travel,NL,Suriname,Dutch
com.kayak.travel,EN,United States,English
com.kayak.travel,EN,United Kingdom,English
com.kayak.travel,EN,Canada,English
com.kayak.travel,EN,Australia,English
com.kayak.travel,EN,Ireland,English
com.kayak.travel,EN,New Zealand,English
com.kayak.travel,EN,South Africa,English
com.kayak.travel,ET,Estonia,Estonian
com.kayak.travel,FI,Finland,Finnish
com.kayak.travel,FI,Sweden,Finnish
com.kayak.travel,FR,France,French
com.kayak.travel,FR,Canada,French
com.kayak.travel,FR,Belgium,French
com.kayak.travel,FR,Switzerland,French
com.kayak.travel,FR,Luxembourg,French
com.kayak.travel,FR,Monaco,French
com.kayak.travel,FR,Congo,French
com.kayak.travel,FR,Ivory Coast,French
com.kayak.travel,FR,Madagascar,French
com.kayak.travel,FR,Cameroon,French
com.kayak.travel,FR,Burkina Faso,French
com.kayak.travel,FR,Niger,French
com.kayak.travel,FR,Senegal,French
com.kayak.travel,FR,Mali,French
com.kayak.travel,FR,Rwanda,French
com.kayak.travel,FR,Belgium,French
com.kayak.travel,FR,Guinea,French
com.kayak.travel,DE,Germany,German
com.kayak.travel,DE,Austria,German
com.kayak.travel,DE,Switzerland,German
com.kayak.travel,DE,Luxembourg,German
com.kayak.travel,DE,Liechtenstein,German
com.kayak.travel,EL,Greece,Modern Greek (1453-)
com.kayak.travel,EL,Cyprus,Modern Greek (1453-)
com.kayak.travel,HE,Israel,Hebrew
com.kayak.travel,ID,Indonesia,Indonesian
com.kayak.travel,IT,Italy,Italian
com.kayak.travel,IT,Switzerland,Italian
com.kayak.travel,IT,San Marino,Italian
com.kayak.travel,IT,Vatican City,Italian
com.kayak.travel,JA,Japan,Japanese
com.kayak.travel,KO,South Korea,Korean
com.kayak.travel,KO,North Korea,Korean
com.kayak.travel,MS,Malaysia,Malay (macrolanguage)
com.kayak.travel,MS,Brunei,Malay (macrolanguage)
com.kayak.travel,MS,Singapore,Malay (macrolanguage)
com.kayak.travel,NB,Norway,Norwegian Bokmål
com.kayak.travel,PL,Poland,Polish
com.kayak.travel,PT,Portugal,Portuguese
com.kayak.travel,PT,Brazil,Portuguese
com.kayak.travel,PT,Angola,Portuguese
com.kayak.travel,PT,Mozambique,Portuguese
com.kayak.travel,PT,Cape Verde,Portuguese
com.kayak.travel,PT,Guinea-Bissau,Portuguese
com.kayak.travel,PT,São Tomé and Príncipe,Portuguese
com.kayak.travel,PT,East Timor,Portuguese
com.kayak.travel,RO,Romania,Romanian
com.kayak.travel,RO,Moldova,Romanian
com.kayak.travel,RU,Russia,Russian
com.kayak.travel,RU,Belarus,Russian
com.kayak.travel,RU,Kazakhstan,Russian
com.kayak.travel,RU,Kyrgyzstan,Russian
com.kayak.travel,ZH,China,Chinese
com.kayak.travel,ZH,Taiwan,Chinese
com.kayak.travel,ZH,Singapore,Chinese
com.kayak.travel,ZH,Malaysia,Chinese
com.kayak.travel,ES,Spain,Spanish
com.kayak.travel,ES,Mexico,Spanish
com.kayak.travel,ES,Colombia,Spanish
com.kayak.travel,ES,Argentina,Spanish
com.kayak.travel,ES,Peru,Spanish
com.kayak.travel,ES,Venezuela,Spanish
com.kayak.travel,ES,Chile,Spanish
com.kayak.travel,ES,Ecuador,Spanish
com.kayak.travel,ES,Guatemala,Spanish
com.kayak.travel,ES,Cuba,Spanish
com.kayak.travel,ES,Bolivia,Spanish
com.kayak.travel,ES,Dominican Republic,Spanish
com.kayak.travel,ES,Honduras,Spanish
com.kayak.travel,ES,Paraguay,Spanish
com.kayak.travel,ES,El Salvador,Spanish
com.kayak.travel,ES,Nicaragua,Spanish
com.kayak.travel,ES,Costa Rica,Spanish
com.kayak.travel,ES,Puerto Rico,Spanish
com.kayak.travel,ES,Panama,Spanish
com.kayak.travel,ES,Uruguay,Spanish
com.kayak.travel,SV,Sweden,Swedish
com.kayak.travel,TH,Thailand,Thai
com.kayak.travel,ZH,China,Chinese
com.kayak.travel,ZH,Taiwan,Chinese
com.kayak.travel,ZH,Singapore,Chinese
com.kayak.travel,ZH,Malaysia,Chinese
com.kayak.travel,TR,Turkey,Turkish
com.kayak.travel,TR,Cyprus,Turkish
com.kayak.travel,UK,Ukraine,Ukrainian
com.kayak.travel,VI,Vietnam,Vietnamese
com.booking.BookingApp,AR,Saudi Arabia,Arabic
com.booking.BookingApp,AR,Iraq,Arabic
com.booking.BookingApp,AR,Egypt,Arabic
com.booking.BookingApp,AR,Algeria,Arabic
com.booking.BookingApp,AR,Morocco,Arabic
com.booking.BookingApp,AR,Sudan,Arabic
com.booking.BookingApp,AR,Yemen,Arabic
com.booking.BookingApp,AR,Syria,Arabic
com.booking.BookingApp,AR,Tunisia,Arabic
com.booking.BookingApp,AR,Jordan,Arabic
com.booking.BookingApp,AR,Libya,Arabic
com.booking.BookingApp,AR,Lebanon,Arabic
com.booking.BookingApp,AR,Oman,Arabic
com.booking.BookingApp,AR,Kuwait,Arabic
com.booking.BookingApp,AR,Mauritania,Arabic
com.booking.BookingApp,AR,Qatar,Arabic
com.booking.BookingApp,AR,Bahrain,Arabic
com.booking.BookingApp,AR,United Arab Emirates,Arabic
com.booking.BookingApp,BG,Bulgaria,Bulgarian
com.booking.BookingApp,CA,Spain,Catalan
com.booking.BookingApp,CA,Andorra,Catalan
com.booking.BookingApp,HR,Croatia,Croatian
com.booking.BookingApp,HR,Bosnia and Herzegovina,Croatian
com.booking.BookingApp,CS,Czech Republic,Czech
com.booking.BookingApp,CS,Slovakia,Czech
com.booking.BookingApp,DA,Denmark,Danish
com.booking.BookingApp,DA,Greenland,Danish
com.booking.BookingApp,DA,Faroe Islands,Danish
com.booking.BookingApp,NL,Netherlands,Dutch
com.booking.BookingApp,NL,Belgium,Dutch
com.booking.BookingApp,NL,Suriname,Dutch
com.booking.BookingApp,EN,United States,English
com.booking.BookingApp,EN,United Kingdom,English
com.booking.BookingApp,EN,Canada,English
com.booking.BookingApp,EN,Australia,English
com.booking.BookingApp,EN,Ireland,English
com.booking.BookingApp,EN,New Zealand,English
com.booking.BookingApp,EN,South Africa,English
com.booking.BookingApp,ET,Estonia,Estonian
com.booking.BookingApp,FI,Finland,Finnish
com.booking.BookingApp,FI,Sweden,Finnish
com.booking.BookingApp,FR,France,French
com.booking.BookingApp,FR,Canada,French
com.booking.BookingApp,FR,Belgium,French
com.booking.BookingApp,FR,Switzerland,French
com.booking.BookingApp,FR,Luxembourg,French
com.booking.BookingApp,FR,Monaco,French
com.booking.BookingApp,FR,Congo,French
com.booking.BookingApp,FR,Ivory Coast,French
com.booking.BookingApp,FR,Madagascar,French
com.booking.BookingApp,FR,Cameroon,French
com.booking.BookingApp,FR,Burkina Faso,French
com.booking.BookingApp,FR,Niger,French
com.booking.BookingApp,FR,Senegal,French
com.booking.BookingApp,FR,Mali,French
com.booking.BookingApp,FR,Rwanda,French
com.booking.BookingApp,FR,Belgium,French
com.booking.BookingApp,FR,Guinea,French
com.booking.BookingApp,DE,Germany,German
com.booking.BookingApp,DE,Austria,German
com.booking.BookingApp,DE,Switzerland,German
com.booking.BookingApp,DE,Luxembourg,German
com.booking.BookingApp,DE,Liechtenstein,German
com.booking.BookingApp,EL,Greece,Modern Greek (1453-)
com.booking.BookingApp,EL,Cyprus,Modern Greek (1453-)
com.booking.BookingApp,HE,Israel,Hebrew
com.booking.BookingApp,HI,India,Hindi
com.booking.BookingApp,HU,Hungary,Hungarian
com.booking.BookingApp,IS,Iceland,Icelandic
com.booking.BookingApp,ID,Indonesia,Indonesian
com.booking.BookingApp,IT,Italy,Italian
com.booking.BookingApp,IT,Switzerland,Italian
com.booking.BookingApp,IT,San Marino,Italian
com.booking.BookingApp,IT,Vatican City,Italian
com.booking.BookingApp,JA,Japan,Japanese
com.booking.BookingApp,KO,South Korea,Korean
com.booking.BookingApp,KO,North Korea,Korean
com.booking.BookingApp,LV,Latvia,Latvian
com.booking.BookingApp,LT,Lithuania,Lithuanian
com.booking.BookingApp,MS,Malaysia,Malay (macrolanguage)
com.booking.BookingApp,MS,Brunei,Malay (macrolanguage)
com.booking.BookingApp,MS,Singapore,Malay (macrolanguage)
com.booking.BookingApp,NB,Norway,Norwegian Bokmål
com.booking.BookingApp,PL,Poland,Polish
com.booking.BookingApp,PT,Portugal,Portuguese
com.booking.BookingApp,PT,Brazil,Portuguese
com.booking.BookingApp,PT,Angola,Portuguese
com.booking.BookingApp,PT,Mozambique,Portuguese
com.booking.BookingApp,PT,Cape Verde,Portuguese
com.booking.BookingApp,PT,Guinea-Bissau,Portuguese
com.booking.BookingApp,PT,São Tomé and Príncipe,Portuguese
com.booking.BookingApp,PT,East Timor,Portuguese
com.booking.BookingApp,RO,Romania,Romanian
com.booking.BookingApp,RO,Moldova,Romanian
com.booking.BookingApp,RU,Russia,Russian
com.booking.BookingApp,RU,Belarus,Russian
com.booking.BookingApp,RU,Kazakhstan,Russian
com.booking.BookingApp,RU,Kyrgyzstan,Russian
com.booking.BookingApp,SR,Serbia,Serbian
com.booking.BookingApp,SR,Bosnia and Herzegovina,Serbian
com.booking.BookingApp,SR,Montenegro,Serbian
com.booking.BookingApp,SR,Kosovo,Serbian
com.booking.BookingApp,ZH,China,Chinese
com.booking.BookingApp,ZH,Taiwan,Chinese
com.booking.BookingApp,ZH,Singapore,Chinese
com.booking.BookingApp,ZH,Malaysia,Chinese
com.booking.BookingApp,SK,Slovakia,Slovak
com.booking.BookingApp,SL,Slovenia,Slovenian
com.booking.BookingApp,ES,Spain,Spanish
com.booking.BookingApp,ES,Mexico,Spanish
com.booking.BookingApp,ES,Colombia,Spanish
com.booking.BookingApp,ES,Argentina,Spanish
com.booking.BookingApp,ES,Peru,Spanish
com.booking.BookingApp,ES,Venezuela,Spanish
com.booking.BookingApp,ES,Chile,Spanish
com.booking.BookingApp,ES,Ecuador,Spanish
com.booking.BookingApp,ES,Guatemala,Spanish
com.booking.BookingApp,ES,Cuba,Spanish
com.booking.BookingApp,ES,Bolivia,Spanish
com.booking.BookingApp,ES,Dominican Republic,Spanish
com.booking.BookingApp,ES,Honduras,Spanish
com.booking.BookingApp,ES,Paraguay,Spanish
com.booking.BookingApp,ES,El Salvador,Spanish
com.booking.BookingApp,ES,Nicaragua,Spanish
com.booking.BookingApp,ES,Costa Rica,Spanish
com.booking.BookingApp,ES,Puerto Rico,Spanish
com.booking.BookingApp,ES,Panama,Spanish
com.booking.BookingApp,ES,Uruguay,Spanish
com.booking.BookingApp,SV,Sweden,Swedish
com.booking.BookingApp,TH,Thailand,Thai
com.booking.BookingApp,ZH,China,Chinese
com.booking.BookingApp,ZH,Taiwan,Chinese
com.booking.BookingApp,ZH,Singapore,Chinese
com.booking.BookingApp,ZH,Malaysia,Chinese
com.booking.BookingApp,TR,Turkey,Turkish
com.booking.BookingApp,TR,Cyprus,Turkish
com.booking.BookingApp,UK,Ukraine,Ukrainian
com.booking.BookingApp,VI,Vietnam,Vietnamese
com.expedia.booking,DA,Denmark,Danish
com.expedia.booking,DA,Greenland,Danish
com.expedia.booking,DA,Faroe Islands,Danish
com.expedia.booking,NL,Netherlands,Dutch
com.expedia.booking,NL,Belgium,Dutch
com.expedia.booking,NL,Suriname,Dutch
com.expedia.booking,EN,United States,English
com.expedia.booking,EN,United Kingdom,English
com.expedia.booking,EN,Canada,English
com.expedia.booking,EN,Australia,English
com.expedia.booking,EN,Ireland,English
com.expedia.booking,EN,New Zealand,English
com.expedia.booking,EN,South Africa,English
com.expedia.booking,FI,Finland,Finnish
com.expedia.booking,FI,Sweden,Finnish
com.expedia.booking,FR,France,French
com.expedia.booking,FR,Canada,French
com.expedia.booking,FR,Belgium,French
com.expedia.booking,FR,Switzerland,French
com.expedia.booking,FR,Luxembourg,French
com.expedia.booking,FR,Monaco,French
com.expedia.booking,FR,Congo,French
com.expedia.booking,FR,Ivory Coast,French
com.expedia.booking,FR,Madagascar,French
com.expedia.booking,FR,Cameroon,French
com.expedia.booking,FR,Burkina Faso,French
com.expedia.booking,FR,Niger,French
com.expedia.booking,FR,Senegal,French
com.expedia.booking,FR,Mali,French
com.expedia.booking,FR,Rwanda,French
com.expedia.booking,FR,Belgium,French
com.expedia.booking,FR,Guinea,French
com.expedia.booking,DE,Germany,German
com.expedia.booking,DE,Austria,German
com.expedia.booking,DE,Switzerland,German
com.expedia.booking,DE,Luxembourg,German
com.expedia.booking,DE,Liechtenstein,German
com.expedia.booking,ID,Indonesia,Indonesian
com.expedia.booking,IT,Italy,Italian
com.expedia.booking,IT,Switzerland,Italian
com.expedia.booking,IT,San Marino,Italian
com.expedia.booking,IT,Vatican City,Italian
com.expedia.booking,JA,Japan,Japanese
com.expedia.booking,KO,South Korea,Korean
com.expedia.booking,KO,North Korea,Korean
com.expedia.booking,NB,Norway,Norwegian Bokmål
com.expedia.booking,PT,Portugal,Portuguese
com.expedia.booking,PT,Brazil,Portuguese
com.expedia.booking,PT,Angola,Portuguese
com.expedia.booking,PT,Mozambique,Portuguese
com.expedia.booking,PT,Cape Verde,Portuguese
com.expedia.booking,PT,Guinea-Bissau,Portuguese
com.expedia.booking,PT,São Tomé and Príncipe,Portuguese
com.expedia.booking,PT,East Timor,Portuguese
com.expedia.booking,ZH,China,Chinese
com.expedia.booking,ZH,Taiwan,Chinese
com.expedia.booking,ZH,Singapore,Chinese
com.expedia.booking,ZH,Malaysia,Chinese
com.expedia.booking,ES,Spain,Spanish
com.expedia.booking,ES,Mexico,Spanish
com.expedia.booking,ES,Colombia,Spanish
com.expedia.booking,ES,Argentina,Spanish
com.expedia.booking,ES,Peru,Spanish
com.expedia.booking,ES,Venezuela,Spanish
com.expedia.booking,ES,Chile,Spanish
com.expedia.booking,ES,Ecuador,Spanish
com.expedia.booking,ES,Guatemala,Spanish
com.expedia.booking,ES,Cuba,Spanish
com.expedia.booking,ES,Bolivia,Spanish
com.expedia.booking,ES,Dominican Republic,Spanish
com.expedia.booking,ES,Honduras,Spanish
com.expedia.booking,ES,Paraguay,Spanish
com.expedia.booking,ES,El Salvador,Spanish
com.expedia.booking,ES,Nicaragua,Spanish
com.expedia.booking,ES,Costa Rica,Spanish
com.expedia.booking,ES,Puerto Rico,Spanish
com.expedia.booking,ES,Panama,Spanish
com.expedia.booking,ES,Uruguay,Spanish
com.expedia.booking,SV,Sweden,Swedish
com.expedia.booking,TH,Thailand,Thai
com.expedia.booking,ZH,China,Chinese
com.expedia.booking,ZH,Taiwan,Chinese
com.expedia.booking,ZH,Singapore,Chinese
com.expedia.booking,ZH,Malaysia,Chinese
com.expedia.booking,VI,Vietnam,Vietnamese
com.outofoffice.ooomobile,EN,United States,English
com.outofoffice.ooomobile,EN,United Kingdom,English
com.outofoffice.ooomobile,EN,Canada,English
com.outofoffice.ooomobile,EN,Australia,English
com.outofoffice.ooomobile,EN,Ireland,English
com.outofoffice.ooomobile,EN,New Zealand,English
com.outofoffice.ooomobile,EN,South Africa,English
