title,url,primaryGenre,contentRating,size,released,updated,price,free,developer,currentVersionScore,currentVersionReviews,supports_iPhone,supports_iPad,supports_Mac,days_since_last_update,app_age,Sentiment_Category,lang_AF,lang_AM,lang_AR,lang_AS,lang_AZ,lang_BE,lang_BG,lang_BN,lang_BS,lang_CA,lang_CO,lang_CS,lang_CY,lang_DA,lang_DE,lang_EL,lang_EN,lang_ES,lang_ET,lang_EU,lang_FA,lang_FF,lang_FI,lang_FR,lang_FY,lang_GA,lang_GD,lang_GL,lang_GU,lang_HA,lang_HE,lang_HI,lang_HR,lang_HT,lang_HU,lang_HY,lang_ID,lang_IG,lang_IS,lang_IT,lang_JA,lang_JV,lang_KA,lang_KK,lang_KM,lang_KN,lang_KO,lang_KU,lang_KY,lang_LO,lang_LT,lang_LV,lang_MG,lang_MK,lang_ML,lang_MN,lang_MR,lang_MS,lang_MT,lang_MY,lang_NB,lang_NE,lang_NL,lang_OM,lang_OR,lang_PA,lang_PL,lang_PS,lang_PT,lang_RO,lang_RU,lang_SD,lang_SI,lang_SK,lang_SL,lang_SN,lang_SO,lang_SQ,lang_SR,lang_SU,lang_SV,lang_SW,lang_TA,lang_TE,lang_TG,lang_TH,lang_TL,lang_TR,lang_UK,lang_UR,lang_UZ,lang_VI,lang_WO,lang_XH,lang_YI,lang_YO,lang_ZH,lang_ZU,_Books,_Business,_Casino,_Education,_Entertainment,_Finance,_Food & Drink,_Games,_Health & Fitness,_Lifestyle,_Medical,_Music,_Navigation,_News,_Photo & Video,_Productivity,_Reference,_Shopping,_Social Networking,_Sports,_Travel,_Utilities,update_frequency,price_category,app_age_category,file_size_category
"Max: Stream HBO, TV, & Movies",https://apps.apple.com/us/app/max-stream-hbo-tv-movies/id1666653815?uo=4,Entertainment,12+,119020544,2023-05-22 07:00:00+00:00,2024-03-18 15:07:48+00:00,0,1,"WarnerMedia Global Digital Services, LLC",4.85665,2357684,1,1,0,6,301,Slightly positive,0,0,0,0,0,0,0,0,0,0,0,0,0,0,0,0,1,1,0,0,0,0,0,0,0,0,0,0,0,0,0,0,0,0,0,0,0,0,0,0,0,0,0,0,0,0,0,0,0,0,0,0,0,0,0,0,0,0,0,0,0,0,0,0,0,0,0,0,1,0,0,0,0,0,0,0,0,0,0,0,0,0,0,0,0,0,0,0,0,0,0,0,0,0,0,0,0,0,0,0,0,0,1,0,0,0,0,1,0,0,0,0,0,0,0,0,0,0,0,0,Very Recent Updates,Free,Established,Medium
"Threads, an Instagram app",https://apps.apple.com/us/app/threads-an-instagram-app/id6446901002?uo=4,Social Networking,12+,127045632,2023-07-05 07:00:00+00:00,2024-03-18 15:36:41+00:00,0,1,"Instagram, Inc.",4.42573,203138,1,1,0,6,257,Slightly positive,0,0,0,0,0,0,0,0,0,0,0,1,0,1,1,1,1,1,0,0,0,0,1,1,0,0,0,0,0,0,0,1,1,0,1,0,1,0,0,1,1,0,0,0,0,0,1,0,0,0,0,0,0,0,0,0,0,1,0,0,1,0,1,0,0,0,1,0,1,1,1,0,0,1,0,0,0,0,0,0,1,0,0,0,0,1,1,1,1,0,0,1,0,0,0,0,2,0,0,0,0,0,1,0,0,0,0,0,0,0,0,0,0,0,0,0,1,0,0,0,Very Recent Updates,Free,Established,Medium
SHEIN - Shopping Online,https://apps.apple.com/us/app/shein-shopping-online/id878577184?uo=4,Shopping,12+,189149184,2014-05-20 03:45:36+00:00,2024-03-21 05:04:08+00:00,0,1,ROADGET BUSINESS PTE. LTD.,4.62615,1066644,1,1,0,4,3593,Slightly positive,0,0,1,0,0,0,0,0,0,0,0,1,0,0,1,1,1,1,0,0,0,0,0,1,0,0,0,0,0,0,1,0,0,0,0,0,1,0,0,1,1,0,0,0,0,0,1,0,0,0,0,0,0,0,0,0,0,0,0,0,0,0,1,0,0,0,1,0,1,0,1,0,0,0,0,0,0,0,0,0,1,0,0,0,0,1,0,1,0,0,0,1,0,0,0,0,1,0,0,0,0,0,0,0,0,0,0,0,0,0,0,0,0,0,0,1,0,0,0,0,Very Recent Updates,Free,Very Mature,Medium
Temu: Shop Like a Billionaire,https://apps.apple.com/us/app/temu-shop-like-a-billionaire/id1641486558?uo=4,Shopping,4+,53906432,2022-08-31 07:00:00+00:00,2024-03-24 06:09:38+00:00,0,1,Temu,4.66545,1003849,1,1,0,1,570,Positive,0,0,1,0,0,0,1,0,0,0,0,1,0,1,1,1,1,1,1,0,0,0,1,1,0,0,0,0,0,0,1,0,1,0,1,0,0,0,0,1,1,0,0,0,0,0,1,0,0,0,1,1,0,0,0,0,0,0,0,0,1,0,1,0,0,0,1,0,1,1,1,0,0,1,1,0,0,0,0,0,1,0,0,0,0,0,0,1,1,0,0,0,0,0,0,0,0,1,0,0,0,0,0,0,0,0,0,0,0,0,0,0,0,0,0,1,0,0,0,0,Very Recent Updates,Free,Mature,Medium
Google,https://apps.apple.com/us/app/google/id284815942?uo=4,Utilities,17+,345114624,2019-02-12 08:00:00+00:00,2024-03-25 09:01:08+00:00,0,1,Google,4.11398,445953,1,1,0,0,1868,Slightly positive,0,0,1,0,0,0,0,0,0,1,0,1,0,1,1,1,1,1,0,0,0,0,1,1,0,0,0,0,0,0,1,1,1,0,1,0,1,0,0,1,1,0,0,0,0,0,1,0,0,0,0,0,0,0,0,0,0,1,0,0,1,0,1,0,0,0,1,0,1,1,1,0,0,1,0,0,0,0,0,0,1,0,0,0,0,1,0,1,1,0,0,1,0,0,0,0,2,0,0,0,0,0,0,0,0,0,0,0,0,0,0,0,0,0,1,0,0,0,0,1,Very Recent Updates,Free,Very Mature,Large
NCAA March Madness Live,https://apps.apple.com/us/app/ncaa-march-madness-live/id423246594?uo=4,Sports,4+,105096192,2011-03-09 06:19:31+00:00,2024-03-23 20:30:12+00:00,0,1,NCAA Digital,4.70417,476717,1,1,0,1,4763,Slightly positive,0,0,0,0,0,0,0,0,0,0,0,0,0,0,0,0,1,0,0,0,0,0,0,0,0,0,0,0,0,0,0,0,0,0,0,0,0,0,0,0,0,0,0,0,0,0,0,0,0,0,0,0,0,0,0,0,0,0,0,0,0,0,0,0,0,0,0,0,0,0,0,0,0,0,0,0,0,0,0,0,0,0,0,0,0,0,0,0,0,0,0,0,0,0,0,0,0,0,0,0,0,0,1,0,0,0,0,0,0,0,0,0,0,0,0,0,0,1,0,0,Very Recent Updates,Free,Very Mature,Medium
ChatGPT,https://apps.apple.com/us/app/chatgpt/id6448311069?uo=4,Productivity,12+,55472128,2023-05-18 07:00:00+00:00,2024-03-19 16:45:24+00:00,0,1,OpenAI,4.86941,809277,1,1,0,5,306,Slightly positive,0,0,0,0,0,0,0,0,0,0,0,0,0,0,0,0,1,0,0,0,0,0,0,0,0,0,0,0,0,0,0,0,0,0,0,0,0,0,0,0,0,0,0,0,0,0,0,0,0,0,0,0,0,0,0,0,0,0,0,0,0,0,0,0,0,0,0,0,0,0,0,0,0,0,0,0,0,0,0,0,0,0,0,0,0,0,0,0,0,0,0,0,0,0,0,0,0,0,0,0,0,0,0,0,0,0,0,0,0,0,0,0,0,1,0,0,0,0,0,1,Very Recent Updates,Free,Established,Medium
CapCut - Video Editor,https://apps.apple.com/us/app/capcut-video-editor/id1500855883?uo=4,Photo & Video,12+,457786368,2020-04-14 07:00:00+00:00,2024-03-20 09:56:00+00:00,0,1,Bytedance Pte. Ltd,4.76483,728853,1,1,1,5,1436,Neutral,0,0,1,0,0,0,0,0,0,0,0,0,0,0,0,0,1,1,0,0,0,0,0,1,0,0,0,0,0,0,1,0,0,0,0,0,1,0,0,1,1,0,0,0,0,0,1,0,0,0,0,0,0,0,0,0,0,1,0,0,0,0,0,0,0,0,1,0,1,0,1,0,0,0,0,0,0,0,0,0,0,0,0,0,0,1,0,1,1,1,0,1,0,0,0,0,2,0,0,0,0,0,0,0,0,0,0,0,0,0,0,0,1,0,0,0,0,0,0,0,Very Recent Updates,Free,Very Mature,Large
TikTok,https://apps.apple.com/us/app/tiktok/id835599320?uo=4,Entertainment,12+,405295104,2014-04-02 22:44:45+00:00,2024-03-19 10:12:59+00:00,0,1,TikTok Ltd.,4.74688,16787903,1,1,0,6,3638,Positive,0,0,1,0,0,0,1,1,0,1,0,1,0,1,1,1,1,1,1,0,0,0,1,1,0,1,0,0,0,0,1,1,1,0,1,0,1,0,1,1,1,1,0,1,1,0,1,0,0,0,1,1,0,0,0,0,0,1,0,1,1,0,1,0,0,0,1,0,1,1,1,0,0,1,1,0,0,1,0,0,1,1,0,0,0,1,0,1,1,1,1,1,0,0,0,0,2,0,0,0,0,0,1,0,0,0,0,0,0,0,0,0,1,0,0,0,0,0,0,0,Very Recent Updates,Free,Very Mature,Large
Instagram,https://apps.apple.com/us/app/instagram/id389801252?uo=4,Photo & Video,12+,271001600,2010-10-06 08:12:41+00:00,2024-03-18 17:36:25+00:00,0,1,"Instagram, Inc.",4.70776,26170661,1,1,0,6,4912,Slightly negative,0,0,0,0,0,0,0,0,0,0,0,1,0,1,1,1,1,1,0,0,0,0,1,1,0,0,0,0,0,0,0,1,1,0,1,0,1,0,0,1,1,0,0,0,0,0,1,0,0,0,0,0,0,0,0,0,0,1,0,0,1,0,1,0,0,0,1,0,1,1,1,0,0,1,0,0,0,0,0,0,1,0,0,0,0,1,1,1,1,0,0,1,0,0,0,0,2,0,0,0,0,0,0,0,0,0,0,0,0,0,0,0,1,0,0,0,1,0,0,0,Very Recent Updates,Free,Very Mature,Large
WhatsApp Messenger,https://apps.apple.com/us/app/whatsapp-messenger/id310633997?uo=4,Social Networking,12+,208598016,2009-05-04 02:43:49+00:00,2024-03-11 15:40:57+00:00,0,1,WhatsApp Inc.,4.69177,13457002,1,0,1,13,5425,Slightly positive,0,0,1,0,0,0,0,1,0,1,0,1,0,1,1,1,1,1,0,0,1,0,1,1,0,1,0,0,1,0,1,1,1,0,1,0,1,0,0,1,1,0,0,0,0,0,1,0,0,0,0,0,0,0,0,0,1,1,0,0,1,0,1,0,0,0,1,0,1,1,1,0,0,1,0,0,0,0,0,0,1,0,0,0,0,1,0,1,1,1,0,1,0,0,0,0,2,0,0,0,0,0,0,0,0,0,0,0,0,0,0,0,0,0,0,0,1,0,0,1,Very Recent Updates,Free,Very Mature,Large
Google Maps,https://apps.apple.com/us/app/google-maps/id585027354?uo=4,Navigation,4+,276180992,2012-12-13 04:21:00+00:00,2024-03-15 04:51:55+00:00,0,1,Google,4.71542,5816483,1,1,0,10,4110,Slightly positive,0,0,1,0,1,0,0,0,0,1,0,1,0,1,1,1,1,1,0,0,0,0,1,1,0,0,0,0,0,0,1,1,1,0,1,1,1,0,0,1,1,0,1,0,0,0,1,0,0,0,1,0,0,0,0,0,0,1,0,1,1,0,1,0,0,0,1,0,1,1,1,0,0,1,0,0,0,1,1,0,1,1,0,0,0,1,0,1,1,0,1,1,0,0,0,0,2,0,0,0,0,0,0,0,1,0,0,0,0,0,1,0,0,0,0,0,0,0,0,0,Very Recent Updates,Free,Very Mature,Large
"YouTube: Watch, Listen, Stream",https://apps.apple.com/us/app/youtube-watch-listen-stream/id544007664?uo=4,Photo & Video,12+,332635136,2012-09-11 07:23:19+00:00,2024-03-24 23:00:44+00:00,0,1,Google,4.67715,35361782,1,1,0,0,4212,Slightly positive,1,1,1,0,1,1,1,1,1,1,0,1,0,1,1,1,1,1,1,1,1,0,1,1,0,0,0,1,1,0,1,1,1,0,1,1,1,0,1,1,1,0,1,1,1,1,1,0,1,1,1,1,0,1,1,1,1,1,0,1,1,1,1,0,0,1,1,0,1,1,1,0,1,1,1,0,0,1,1,0,1,1,1,1,0,1,0,1,1,1,1,1,0,0,0,0,2,1,0,0,0,0,1,0,0,0,0,0,0,0,0,0,1,0,0,0,0,0,0,0,Very Recent Updates,Free,Very Mature,Large
Gmail - Email by Google,https://apps.apple.com/us/app/gmail-email-by-google/id422689480?uo=4,Productivity,4+,505546752,2011-11-02 17:13:30+00:00,2024-03-20 16:03:38+00:00,0,1,Google,4.70184,1671076,1,1,0,4,4521,Slightly positive,1,0,1,0,0,0,1,1,0,1,0,1,0,1,1,1,1,1,1,1,1,0,1,1,0,0,0,1,1,0,1,1,1,0,1,0,1,0,1,1,1,0,0,0,0,1,1,0,0,0,1,1,0,0,1,0,1,1,0,0,1,0,1,0,0,0,1,0,1,1,1,0,0,1,1,0,0,0,1,0,1,1,1,1,0,1,0,1,1,1,0,1,0,0,0,0,2,1,0,0,0,0,0,0,0,0,0,0,0,0,0,0,0,1,0,0,1,0,0,0,Very Recent Updates,Free,Very Mature,Large
Paramount+,https://apps.apple.com/us/app/paramount/id530168168?uo=4,Entertainment,12+,121026560,2013-03-14 07:41:45+00:00,2024-03-18 15:22:45+00:00,0,1,CBS Interactive,4.57561,556890,1,1,0,6,4022,Slightly positive,0,0,0,0,0,0,0,0,0,0,0,0,0,0,0,0,1,0,0,0,0,0,0,0,0,0,0,0,0,0,0,0,0,0,0,0,0,0,0,0,0,0,0,0,0,0,0,0,0,0,0,0,0,0,0,0,0,0,0,0,0,0,0,0,0,0,0,0,0,0,0,0,0,0,0,0,0,0,0,0,0,0,0,0,0,0,0,0,0,0,0,0,0,0,0,0,0,0,0,0,0,0,1,0,0,0,0,0,0,0,0,0,0,0,0,0,0,0,0,0,Very Recent Updates,Free,Very Mature,Medium
Facebook,https://apps.apple.com/us/app/facebook/id284882215?uo=4,Social Networking,12+,328298496,2019-02-05 08:00:00+00:00,2024-03-21 09:00:47+00:00,0,1,"Meta Platforms, Inc.",4.27582,8879326,1,1,0,4,1871,Slightly positive,0,0,1,0,0,0,0,0,0,0,0,1,0,1,1,1,1,1,0,0,0,0,1,1,0,0,0,0,0,0,1,1,1,0,1,0,1,0,0,1,1,0,0,0,0,0,1,0,0,0,0,0,0,0,0,0,0,1,0,0,1,0,1,0,0,0,1,0,1,1,1,0,0,1,0,0,0,0,0,0,1,0,0,0,0,1,0,1,1,0,0,1,0,0,0,0,2,0,0,0,0,0,0,0,0,0,0,0,0,0,0,0,0,0,0,0,1,0,0,0,Very Recent Updates,Free,Very Mature,Large
Telegram Messenger,https://apps.apple.com/us/app/telegram-messenger/id686449807?uo=4,Social Networking,17+,158901248,2013-08-14 07:00:00+00:00,2024-03-09 23:20:12+00:00,0,1,Telegram FZ-LLC,4.10557,187063,1,1,0,15,3860,Slightly negative,0,0,1,0,0,1,0,0,0,1,0,0,0,0,1,0,1,1,0,0,1,0,0,1,0,0,0,0,0,0,0,0,0,0,0,0,1,0,0,1,0,0,0,0,0,0,1,0,0,0,0,0,0,0,0,0,0,1,0,0,0,0,1,0,0,0,1,0,1,0,1,0,0,0,0,0,0,0,0,0,0,0,0,0,0,0,0,1,1,0,1,0,0,0,0,0,0,0,0,0,0,0,0,0,0,0,0,0,0,0,0,0,0,1,0,0,1,0,0,0,Very Recent Updates,Free,Very Mature,Medium
Microsoft Copilot,https://apps.apple.com/us/app/microsoft-copilot/id6472538445?uo=4,Productivity,17+,314803200,2023-12-29 08:00:00+00:00,2024-03-22 02:35:52+00:00,0,1,Microsoft Corporation,4.79181,32806,1,1,0,3,83,Slightly positive,0,0,1,0,0,0,1,1,0,0,0,1,0,1,1,1,1,1,1,0,1,0,1,1,0,0,0,0,0,0,1,1,1,0,1,0,1,0,1,1,1,0,0,0,0,0,1,0,0,0,0,1,0,0,0,0,1,0,0,0,1,0,1,0,0,0,1,0,1,1,1,0,0,1,1,0,0,0,1,0,1,0,0,1,0,1,0,1,1,0,0,1,0,0,0,0,2,0,0,0,0,0,0,0,0,0,0,0,0,0,0,0,0,1,0,0,0,0,0,1,Very Recent Updates,Free,Recently Launched,Large
DoorDash - Food Delivery,https://apps.apple.com/us/app/doordash-food-delivery/id719972451?uo=4,Food & Drink,12+,306401280,2013-10-10 19:46:20+00:00,2024-03-25 05:03:38+00:00,0,1,"DoorDash, Inc.",4.76884,17944572,1,1,0,0,3818,Slightly negative,0,0,0,0,0,0,0,0,0,0,0,0,0,0,0,0,1,1,0,0,0,0,0,1,0,0,0,0,0,0,0,0,0,0,0,0,0,0,0,0,0,0,0,0,0,0,0,0,0,0,0,0,0,0,0,0,0,0,0,0,0,0,0,0,0,0,0,0,0,0,0,0,0,0,0,0,0,0,0,0,0,0,0,0,0,0,0,0,0,0,0,0,0,0,0,0,0,0,0,0,0,0,0,0,1,0,0,1,0,0,0,0,0,0,0,0,0,0,0,0,Very Recent Updates,Free,Very Mature,Large
Reddit,https://apps.apple.com/us/app/reddit/id1064216828?uo=4,News,17+,256655360,2016-04-07 08:12:27+00:00,2024-03-18 19:18:55+00:00,0,1,reddit,4.76441,2855326,1,1,0,6,2902,Slightly positive,0,0,0,0,0,0,0,0,0,0,0,0,0,0,1,0,1,1,0,0,0,0,0,1,0,0,0,0,0,0,0,0,0,0,0,0,0,0,0,1,0,0,0,0,0,0,0,0,0,0,0,0,0,0,0,0,0,0,0,0,0,0,0,0,0,0,0,0,1,0,0,0,0,0,0,0,0,0,0,0,0,0,0,0,0,0,0,0,0,0,0,0,0,0,0,0,0,0,0,0,0,0,0,0,0,0,0,0,0,0,0,1,0,0,0,0,1,0,0,0,Very Recent Updates,Free,Very Mature,Large
Cash App,https://apps.apple.com/us/app/cash-app/id711923939?uo=4,Finance,4+,346468352,2013-10-16 07:51:06+00:00,2024-03-18 15:38:27+00:00,0,1,"Block, Inc.",4.78151,6077074,1,1,0,6,3806,Slightly positive,0,0,0,0,0,0,0,0,0,0,0,0,0,0,0,0,1,0,0,0,0,0,0,0,0,0,0,0,0,0,0,0,0,0,0,0,0,0,0,0,0,0,0,0,0,0,0,0,0,0,0,0,0,0,0,0,0,0,0,0,0,0,0,0,0,0,0,0,0,0,0,0,0,0,0,0,0,0,0,0,0,0,0,0,0,0,0,0,0,0,0,0,0,0,0,0,0,0,0,1,0,0,0,1,0,0,0,0,0,0,0,0,0,0,0,0,0,0,0,0,Very Recent Updates,Free,Very Mature,Large
Netflix,https://apps.apple.com/us/app/netflix/id363590051?uo=4,Entertainment,12+,190212096,2010-04-01 20:41:34+00:00,2024-03-19 20:00:56+00:00,0,1,"Netflix, Inc.",3.64498,383961,1,1,0,5,5100,Slightly positive,0,0,1,0,0,0,0,0,0,0,0,1,0,1,1,1,1,1,0,0,0,0,1,1,0,0,0,0,0,0,1,1,1,0,1,0,1,0,0,1,1,0,0,0,0,0,1,0,0,0,0,0,0,0,0,0,0,1,0,0,1,0,1,0,0,0,1,0,1,1,1,0,0,0,0,0,0,0,0,0,1,0,0,0,0,1,0,1,1,0,0,1,0,0,0,0,2,0,0,0,0,0,1,0,0,0,0,1,0,0,0,0,0,0,0,0,0,0,0,0,Very Recent Updates,Free,Very Mature,Medium
Spotify - Music and Podcasts,https://apps.apple.com/us/app/spotify-music-and-podcasts/id324684580?uo=4,Music,12+,187803648,2011-07-14 11:22:37+00:00,2024-03-04 08:08:35+00:00,0,1,Spotify,4.78774,30417056,1,1,0,21,4616,Positive,1,1,1,0,1,0,1,1,1,1,0,1,0,1,1,1,1,1,1,1,1,0,1,1,0,0,0,1,1,0,1,1,1,0,1,0,1,0,1,1,1,0,0,0,0,1,1,0,0,0,1,1,0,1,1,0,1,1,0,0,1,1,1,0,1,1,1,0,1,1,1,0,0,1,1,0,0,0,1,0,1,1,1,1,0,1,0,1,1,1,0,1,0,0,0,0,2,1,0,0,0,0,1,0,0,0,0,0,0,1,0,0,0,0,0,0,0,0,0,0,Very Recent Updates,Free,Very Mature,Medium
Snapchat,https://apps.apple.com/us/app/snapchat/id447188370?uo=4,Photo & Video,12+,294362112,2011-07-13 23:51:40+00:00,2024-03-18 11:00:48+00:00,0,1,"Snap, Inc.",4.61387,2289444,1,1,0,6,4631,Slightly positive,0,0,1,0,0,0,0,1,0,0,0,0,0,1,1,1,1,1,0,0,0,0,1,1,0,0,0,0,1,0,0,1,0,0,0,0,1,0,0,1,1,0,0,0,0,1,1,0,0,0,0,0,0,0,1,0,1,1,0,0,1,0,1,0,0,1,1,0,1,1,1,0,0,0,0,0,0,0,0,0,1,0,1,1,0,1,0,1,0,1,0,1,0,0,0,0,2,0,0,0,0,0,0,0,0,0,0,0,0,0,0,0,1,0,0,0,1,0,0,0,Very Recent Updates,Free,Very Mature,Large
Amazon Shopping,https://apps.apple.com/us/app/amazon-shopping/id297606951?uo=4,Shopping,4+,234231808,2008-12-03 08:00:00+00:00,2024-03-11 18:01:37+00:00,0,1,AMZN Mobile LLC,4.84194,7846676,1,1,0,13,5577,Slightly positive,0,0,1,0,0,0,0,0,0,0,0,1,0,0,1,0,1,1,0,0,0,0,0,1,0,0,0,0,0,0,1,0,0,0,0,0,0,0,0,1,1,0,0,0,0,0,1,0,0,0,0,0,0,0,0,0,0,0,0,0,0,0,1,0,0,0,1,0,1,0,0,0,0,0,0,0,0,0,0,0,1,0,0,0,0,0,0,1,0,0,0,0,0,0,0,0,1,0,0,0,0,0,0,0,0,0,0,1,0,0,0,0,0,0,0,1,0,0,0,0,Very Recent Updates,Free,Very Mature,Large
Amazon Prime Video,https://apps.apple.com/us/app/amazon-prime-video/id545519333?uo=4,Entertainment,12+,154329088,2012-07-31 07:00:00+00:00,2024-03-11 11:11:47+00:00,0,1,AMZN Mobile LLC,4.77881,2982829,1,1,1,13,4241,Slightly positive,0,0,1,0,0,0,0,0,0,0,0,1,0,1,1,1,1,1,0,0,0,0,1,1,0,0,0,0,0,0,1,1,0,0,1,0,1,0,0,1,1,0,0,0,0,0,1,0,0,0,0,0,0,0,0,0,0,1,0,0,1,0,1,0,0,0,1,0,1,1,1,0,0,0,0,0,0,0,0,0,1,0,1,1,0,1,0,1,0,0,0,0,0,0,0,0,2,0,0,0,0,0,1,0,0,0,0,1,0,0,0,0,0,0,0,0,0,0,0,0,Very Recent Updates,Free,Very Mature,Medium
ReelShort,https://apps.apple.com/us/app/reelshort/id1636235979?uo=4,Entertainment,12+,112933888,2022-08-24 07:00:00+00:00,2024-03-21 06:56:05+00:00,0,1,NewLeaf Publishing,3.93137,27639,1,1,0,4,574,Slightly positive,0,0,0,0,0,0,0,0,0,0,0,0,0,0,1,0,1,1,0,0,0,0,0,1,0,0,0,0,0,0,0,1,0,0,0,0,1,0,0,0,0,0,0,0,0,0,0,0,0,0,0,0,0,0,0,0,0,0,0,0,0,0,0,0,0,0,0,0,1,0,0,0,0,0,0,0,0,0,0,0,0,0,0,0,0,1,0,1,0,0,0,0,0,0,0,0,1,0,0,0,0,0,1,0,0,0,0,0,0,0,0,0,0,0,0,0,0,0,0,0,Very Recent Updates,Free,Mature,Medium
McDonald's,https://apps.apple.com/us/app/mcdonalds/id922103212?uo=4,Food & Drink,4+,269543424,2014-10-25 02:15:04+00:00,2024-03-21 15:32:13+00:00,0,1,McDonald's USA,4.80962,3906638,1,1,0,3,3435,Slightly positive,0,0,0,0,0,0,0,0,0,0,0,0,0,0,1,0,1,1,0,0,0,0,0,1,0,0,0,0,0,0,0,0,0,0,0,0,0,0,0,0,0,0,0,0,0,0,0,0,0,0,0,0,0,0,0,0,0,0,0,0,0,0,0,0,0,0,0,0,0,0,0,0,0,0,0,0,0,0,0,0,0,0,0,0,0,0,0,0,0,0,0,0,0,0,0,0,0,0,0,0,0,0,0,0,1,0,0,0,0,0,0,0,0,0,0,1,0,0,0,0,Very Recent Updates,Free,Very Mature,Large
The Roku App (Official),https://apps.apple.com/us/app/the-roku-app-official/id482066631?uo=4,Entertainment,12+,152385536,2011-12-15 08:00:00+00:00,2024-03-15 20:44:26+00:00,0,1,ROKU INC,4.74043,2941278,1,1,0,9,4474,Slightly positive,0,0,0,0,0,0,0,0,0,0,0,0,0,0,1,0,1,1,0,0,0,0,0,1,0,0,0,0,0,0,0,0,0,0,0,0,0,0,0,0,0,0,0,0,0,0,0,0,0,0,0,0,0,0,0,0,0,0,0,0,0,0,0,0,0,0,0,0,1,0,0,0,0,0,0,0,0,0,0,0,0,0,0,0,0,0,0,0,0,0,0,0,0,0,0,0,0,0,0,0,0,0,1,0,0,0,0,0,0,0,0,0,0,0,0,0,0,0,0,1,Very Recent Updates,Free,Very Mature,Medium
Life360: Find Friends & Family,https://apps.apple.com/us/app/life360-find-friends-family/id384830320?uo=4,Social Networking,4+,168822784,2010-08-10 07:00:00+00:00,2024-03-19 18:50:11+00:00,0,1,Life360,4.71511,1389411,1,1,0,5,4970,Positive,0,0,0,0,0,0,0,0,0,0,0,0,0,0,1,0,1,1,0,0,0,0,0,1,0,0,0,0,0,0,0,0,0,0,0,0,1,0,0,1,1,0,0,0,0,0,1,0,0,0,0,0,0,0,0,0,0,0,0,0,0,0,0,0,0,0,0,0,1,0,1,0,0,0,0,0,0,0,0,0,0,0,0,0,0,1,0,1,1,0,0,1,0,0,0,0,0,0,0,0,0,0,0,0,0,0,0,1,0,0,0,0,0,0,0,0,1,0,0,0,Very Recent Updates,Free,Very Mature,Medium
Uber - Request a ride,https://apps.apple.com/us/app/uber-request-a-ride/id368677368?uo=4,Travel,4+,453635072,2010-05-21 03:11:23+00:00,2024-03-18 15:20:45+00:00,0,1,"Uber Technologies, Inc.",4.88541,9080959,1,1,0,6,5050,Positive,0,0,1,0,0,0,1,1,0,1,0,1,0,1,1,1,1,1,1,0,0,0,1,1,0,0,0,0,0,0,1,1,1,0,1,0,1,0,0,1,1,0,1,0,0,1,1,0,0,0,1,1,0,0,0,0,1,0,0,0,1,0,1,0,0,0,1,0,1,1,1,0,1,1,1,0,0,0,1,0,1,1,1,1,0,1,0,1,1,1,0,1,0,0,0,0,2,0,0,0,0,0,0,0,0,0,0,1,0,0,0,0,0,0,0,0,0,0,1,0,Very Recent Updates,Free,Very Mature,Large
Pinterest,https://apps.apple.com/us/app/pinterest/id429047995?uo=4,Lifestyle,12+,193582080,2011-04-28 15:51:13+00:00,2024-03-21 15:06:25+00:00,0,1,Pinterest,4.79448,4852948,1,1,0,3,4710,Slightly positive,1,0,1,0,0,0,1,1,0,0,0,1,0,1,1,1,1,1,0,0,0,0,1,1,0,0,0,0,0,0,1,1,1,0,1,0,1,0,0,1,1,0,0,0,0,0,1,0,0,0,0,0,0,0,0,0,0,1,0,0,1,0,1,0,0,0,1,0,1,1,1,0,0,1,0,0,0,0,0,0,1,0,0,1,0,1,0,1,1,0,0,1,0,0,0,0,2,0,0,0,0,0,0,0,0,0,0,1,0,0,0,0,1,0,0,0,0,0,0,0,Very Recent Updates,Free,Very Mature,Medium
"Discord - Chat, Talk & Hangout",https://apps.apple.com/us/app/discord-chat-talk-hangout/id985746746?uo=4,Social Networking,17+,223400960,2015-05-21 07:08:40+00:00,2024-03-19 17:23:22+00:00,0,1,"Discord, Inc.",4.71303,2690977,1,1,0,5,3225,Slightly positive,0,0,0,0,0,0,0,0,0,0,0,0,0,0,0,0,1,0,0,0,0,0,0,0,0,0,0,0,0,0,0,0,0,0,0,0,0,0,0,0,0,0,0,0,0,0,0,0,0,0,0,0,0,0,0,0,0,0,0,0,0,0,0,0,0,0,0,0,0,0,0,0,0,0,0,0,0,0,0,0,0,0,0,0,0,0,0,0,0,0,0,0,0,0,0,0,0,0,0,0,0,0,0,0,0,1,0,0,0,0,0,0,0,0,0,0,1,0,0,0,Very Recent Updates,Free,Very Mature,Large
X,https://apps.apple.com/us/app/x/id333903271?uo=4,News,17+,259931136,2009-10-09 19:50:00+00:00,2024-03-19 14:50:09+00:00,0,1,X Corp.,4.59339,8402121,1,1,0,5,5274,Slightly positive,0,0,1,0,0,0,1,1,0,1,0,1,0,1,1,1,1,1,0,0,1,0,1,1,0,0,0,0,1,0,1,1,1,0,1,0,1,0,0,1,1,0,0,0,0,1,1,0,0,0,0,0,0,0,0,0,1,1,0,0,1,0,1,0,0,0,1,0,1,1,1,0,0,1,0,0,0,0,1,0,1,0,1,0,0,1,0,1,1,0,0,1,0,0,0,0,2,0,0,0,0,0,0,0,0,0,0,0,0,0,0,1,0,0,0,0,1,0,0,0,Very Recent Updates,Free,Very Mature,Large
Messenger,https://apps.apple.com/us/app/messenger/id454638411?uo=4,Social Networking,12+,142653440,2011-08-09 19:49:28+00:00,2024-03-19 16:01:05+00:00,0,1,"Meta Platforms, Inc.",3.94801,1381087,1,1,0,5,4605,Slightly positive,0,0,0,0,0,0,0,0,0,0,0,1,0,1,1,1,1,1,0,0,0,0,1,1,0,0,0,0,0,0,0,0,1,0,1,0,1,0,0,1,1,0,0,0,0,0,1,0,0,0,0,0,0,0,0,0,0,1,0,0,1,0,1,0,0,0,1,0,1,0,1,0,0,1,0,0,0,0,0,0,1,0,0,0,0,1,0,1,1,0,0,1,0,0,0,0,2,0,0,0,0,0,0,0,0,0,0,0,0,0,0,0,0,1,0,0,1,0,0,0,Very Recent Updates,Free,Very Mature,Medium
Airbnb,https://apps.apple.com/us/app/airbnb/id401626263?uo=4,Travel,4+,260341760,2010-11-10 20:28:11+00:00,2024-03-21 16:01:11+00:00,0,1,"Airbnb, Inc.",4.7789,631511,1,1,0,3,4879,Slightly positive,0,0,1,0,1,0,1,0,1,1,0,1,0,1,1,1,1,1,1,0,0,0,1,1,0,1,0,0,0,0,1,1,1,0,1,1,1,0,1,1,1,0,1,0,0,0,1,0,0,0,1,1,0,1,0,0,0,1,1,0,1,0,1,0,0,0,1,0,1,1,1,0,0,1,1,0,0,1,1,0,1,1,0,0,0,1,1,1,1,0,0,1,0,1,0,0,2,1,0,0,0,0,0,0,0,0,0,1,0,0,0,0,0,0,0,0,0,0,1,0,Very Recent Updates,Free,Very Mature,Large
Walmart: Shopping & Savings,https://apps.apple.com/us/app/walmart-shopping-savings/id338137227?uo=4,Shopping,4+,523368448,2009-11-02 08:00:00+00:00,2024-03-22 09:21:53+00:00,0,1,Walmart,4.81184,10916050,1,1,0,3,5254,Slightly positive,0,0,0,0,0,0,0,0,0,0,0,0,0,0,0,0,1,1,0,0,0,0,0,0,0,0,0,0,0,0,0,0,0,0,0,0,0,0,0,0,0,0,0,0,0,0,0,0,0,0,0,0,0,0,0,0,0,0,0,0,0,0,0,0,0,0,0,0,0,0,0,0,0,0,0,0,0,0,0,0,0,0,0,0,0,0,0,0,0,0,0,0,0,0,0,0,0,0,0,0,0,0,0,0,0,0,0,1,0,0,0,0,0,0,0,1,0,0,0,0,Very Recent Updates,Free,Very Mature,Large
FanDuel Sportsbook & Casino,https://apps.apple.com/us/app/fanduel-sportsbook-casino/id1413721906?uo=4,Sports,17+,178897920,2018-09-02 14:37:06+00:00,2024-03-18 10:04:16+00:00,0,1,"FanDuel, Inc.",4.85045,1388094,1,1,0,7,2023,Slightly positive,0,0,0,0,0,0,0,0,0,0,0,0,0,0,0,0,1,0,0,0,0,0,0,0,0,0,0,0,0,0,0,0,0,0,0,0,0,0,0,0,0,0,0,0,0,0,0,0,0,0,0,0,0,0,0,0,0,0,0,0,0,0,0,0,0,0,0,0,0,0,0,0,0,0,0,0,0,0,0,0,0,0,0,0,0,0,0,0,0,0,0,0,0,0,0,0,0,0,0,0,0,0,0,0,0,0,0,0,0,0,0,0,0,0,0,0,0,1,0,0,Very Recent Updates,Free,Very Mature,Medium
Hulu: Watch TV shows & movies,https://apps.apple.com/us/app/hulu-watch-tv-shows-movies/id376510438?uo=4,Entertainment,12+,83286016,2010-06-29 18:39:25+00:00,2023-12-15 14:23:34+00:00,0,1,"Hulu, LLC",4.60616,1415813,1,1,0,100,4916,Slightly negative,0,0,0,0,0,0,0,0,0,0,0,0,0,0,0,0,1,0,0,0,0,0,0,0,0,0,0,0,0,0,0,0,0,0,0,0,0,0,0,0,0,0,0,0,0,0,0,0,0,0,0,0,0,0,0,0,0,0,0,0,0,0,0,0,0,0,0,0,0,0,0,0,0,0,0,0,0,0,0,0,0,0,0,0,0,0,0,0,0,0,0,0,0,0,0,0,0,0,0,0,0,0,1,0,0,0,0,1,0,0,0,0,0,0,0,0,0,0,0,0,Moderately Updated,Free,Very Mature,Medium
Lemon8 - Lifestyle Community,https://apps.apple.com/us/app/lemon8-lifestyle-community/id1498607143?uo=4,Lifestyle,12+,188784640,2020-03-12 07:00:00+00:00,2024-03-22 03:59:29+00:00,0,1,Heliophilia Pte. Ltd.,4.52909,37488,1,1,0,3,1470,Slightly positive,0,0,0,0,0,0,0,0,0,0,0,0,0,0,0,0,1,0,0,0,0,0,0,0,0,0,0,0,0,0,0,0,0,0,0,0,1,0,0,0,1,0,0,0,0,0,0,0,0,0,0,0,0,0,0,0,0,1,0,0,0,0,0,0,0,0,0,0,0,0,0,0,0,0,0,0,0,0,0,0,0,0,0,0,0,1,0,0,0,0,0,1,0,0,0,0,0,0,0,0,0,0,0,0,0,0,0,1,0,0,0,0,0,0,0,0,0,0,0,0,Very Recent Updates,Free,Very Mature,Medium
Wendy’s,https://apps.apple.com/us/app/wendys/id540518599?uo=4,Food & Drink,4+,238408704,2012-07-10 00:34:00+00:00,2024-03-01 13:28:47+00:00,0,1,"Wendy's International, LLC",4.72705,797945,1,1,0,23,4252,Slightly positive,0,0,0,0,0,0,0,0,0,0,0,0,0,0,0,0,1,1,0,0,0,0,0,1,0,0,0,0,0,0,0,0,0,0,0,0,0,0,0,0,0,0,0,0,0,0,0,0,0,0,0,0,0,0,0,0,0,0,0,0,0,0,0,0,0,0,0,0,0,0,0,0,0,0,0,0,0,0,0,0,0,0,0,0,0,0,0,0,0,0,0,0,0,0,0,0,0,0,0,0,0,0,0,0,1,0,0,0,0,0,0,0,0,0,0,0,0,0,0,0,Very Recent Updates,Free,Very Mature,Large
Google Chrome,https://apps.apple.com/us/app/google-chrome/id535886823?uo=4,Utilities,17+,202089472,2012-06-28 19:57:38+00:00,2024-03-14 14:59:15+00:00,0,1,Google,4.60297,1159666,1,1,0,10,4276,Slightly positive,0,0,1,0,0,0,1,0,0,1,0,1,0,1,1,1,1,1,0,0,1,0,1,1,0,0,0,0,0,0,1,1,1,0,1,0,1,0,0,1,1,0,0,0,0,0,1,0,0,0,1,0,0,0,0,0,0,1,0,0,1,0,1,0,0,0,1,0,1,1,1,0,0,1,0,0,0,0,1,0,1,0,0,0,0,1,0,1,1,0,0,1,0,0,0,0,2,0,0,0,0,0,0,0,0,0,0,0,0,0,0,0,0,1,0,0,0,0,0,1,Very Recent Updates,Free,Very Mature,Large
Beat Maker Pro: DJ Drum Pad,https://apps.apple.com/us/app/beat-maker-pro-dj-drum-pad/id1362013798?uo=4,Music,4+,207723520,2018-04-02 19:00:16+00:00,2024-03-07 13:40:40+00:00,0,1,MWM,4.69228,287958,1,1,0,17,2165,Positive,0,0,0,0,0,0,0,0,0,0,0,0,0,0,0,0,1,0,0,0,0,0,0,0,0,0,0,0,0,0,0,0,0,0,0,0,0,0,0,0,0,0,0,0,0,0,0,0,0,0,0,0,0,0,0,0,0,0,0,0,0,0,0,0,0,0,0,0,0,0,0,0,0,0,0,0,0,0,0,0,0,0,0,0,0,0,0,0,0,0,0,0,0,0,0,0,0,0,0,0,0,0,1,0,0,0,0,0,0,1,0,0,0,0,0,0,0,0,0,0,Very Recent Updates,Free,Very Mature,Large
Duolingo - Language Lessons,https://apps.apple.com/us/app/duolingo-language-lessons/id570060128?uo=4,Education,4+,293842944,2012-11-13 08:00:00+00:00,2024-03-18 16:24:55+00:00,0,1,Duolingo,4.73892,2666463,1,1,0,6,4143,Positive,0,0,1,0,0,0,0,1,0,0,0,1,0,0,1,1,1,1,0,0,0,0,0,1,0,0,0,0,0,0,0,1,0,0,1,0,1,0,0,1,1,0,0,0,0,0,1,0,0,0,0,0,0,0,0,0,0,0,0,0,0,0,1,0,0,0,1,0,1,1,1,0,0,0,0,0,0,0,0,0,0,0,0,1,0,1,0,1,1,0,0,1,0,0,0,0,2,0,0,0,0,1,0,0,0,0,0,0,0,0,0,0,0,0,0,0,1,0,0,0,Very Recent Updates,Free,Very Mature,Large
"PayPal - Send, Shop, Manage",https://apps.apple.com/us/app/paypal-send-shop-manage/id283646709?uo=4,Finance,4+,407285760,2019-02-03 08:00:00+00:00,2024-03-19 16:53:23+00:00,0,1,"PayPal, Inc.",4.78735,6297674,1,1,0,5,1871,Slightly positive,0,0,1,0,0,0,1,1,0,0,0,1,0,1,1,1,1,1,1,0,0,0,1,1,0,0,0,0,0,0,1,0,0,0,1,0,1,0,0,1,1,0,0,0,0,0,1,0,0,0,1,1,0,0,0,0,0,1,0,0,1,0,1,0,0,0,1,0,1,1,1,0,1,1,1,0,0,1,0,0,1,0,0,0,0,1,0,1,0,0,0,1,0,0,0,0,1,0,0,0,0,0,0,1,0,0,0,0,0,0,0,0,0,0,0,0,0,0,0,1,Very Recent Updates,Free,Very Mature,Large
Shop: All your favorite brands,https://apps.apple.com/us/app/shop-all-your-favorite-brands/id1223471316?uo=4,Shopping,12+,103574528,2017-11-16 04:26:51+00:00,2024-03-18 15:31:54+00:00,0,1,Shopify Inc.,4.82407,4853937,1,1,0,6,2314,Slightly positive,0,0,0,0,0,0,0,0,0,0,0,0,0,0,0,0,1,0,0,0,0,0,0,0,0,0,0,0,0,0,0,0,0,0,0,0,0,0,0,0,0,0,0,0,0,0,0,0,0,0,0,0,0,0,0,0,0,0,0,0,0,0,0,0,0,0,0,0,0,0,0,0,0,0,0,0,0,0,0,0,0,0,0,0,0,0,0,0,0,0,0,0,0,0,0,0,0,0,0,0,0,0,0,0,0,0,0,0,0,0,0,0,0,0,0,1,0,0,0,1,Very Recent Updates,Free,Very Mature,Medium
Disney+,https://apps.apple.com/us/app/disney/id1446075923?uo=4,Entertainment,4+,256212992,2019-11-11 08:00:00+00:00,2024-03-21 14:01:42+00:00,0,1,Disney,4.59828,1415719,1,1,0,3,1592,Positive,0,0,0,0,0,0,0,0,0,0,0,1,0,1,1,1,1,1,0,0,0,0,1,1,0,0,0,0,0,0,0,0,0,0,1,0,0,0,0,1,1,0,0,0,0,0,1,0,0,0,0,0,0,0,0,0,0,0,0,0,1,0,1,0,0,0,1,0,1,1,0,0,0,1,0,0,0,0,0,0,1,0,0,0,0,0,0,1,0,0,0,0,0,0,0,0,2,0,0,0,0,0,1,0,0,0,0,0,0,0,0,0,0,0,0,0,0,0,0,0,Very Recent Updates,Free,Very Mature,Large
Domino's Pizza USA,https://apps.apple.com/us/app/dominos-pizza-usa/id436491861?uo=4,Food & Drink,4+,228614144,2011-06-08 00:37:24+00:00,2024-03-11 12:00:52+00:00,0,1,Domino's Pizza LLC,4.7832,4989672,1,1,0,13,4660,Slightly positive,0,0,0,0,0,0,0,0,0,0,0,0,0,0,0,0,1,1,0,0,0,0,0,0,0,0,0,0,0,0,0,0,0,0,0,0,0,0,0,0,0,0,0,0,0,0,0,0,0,0,0,0,0,0,0,0,0,0,0,0,0,0,0,0,0,0,0,0,0,0,0,0,0,0,0,0,0,0,0,0,0,0,0,0,0,0,0,0,0,0,0,0,0,0,0,0,0,0,0,0,0,0,0,0,1,0,0,1,0,0,0,0,0,0,0,0,0,0,0,0,Very Recent Updates,Free,Very Mature,Large
Indeed Job Search,https://apps.apple.com/us/app/indeed-job-search/id309735670?uo=4,Business,4+,137396224,2009-06-08 04:59:49+00:00,2024-03-25 05:48:48+00:00,0,1,Indeed Inc.,4.77428,2833061,1,1,0,0,5404,Slightly positive,0,0,1,0,0,0,0,0,0,0,0,1,0,1,1,1,1,1,0,0,0,0,1,1,0,0,0,0,0,0,1,1,0,0,1,0,1,0,0,1,1,0,0,0,0,0,1,0,0,0,0,0,0,0,0,0,0,1,0,0,1,0,1,0,0,0,1,0,1,1,1,0,0,0,0,0,0,0,0,0,1,0,0,0,0,1,0,1,1,0,0,1,0,0,0,0,2,0,0,1,0,0,0,0,0,0,0,0,0,0,0,0,0,0,0,0,0,0,0,1,Very Recent Updates,Free,Very Mature,Medium
Uber Eats: Food Delivery,https://apps.apple.com/us/app/uber-eats-food-delivery/id1058959277?uo=4,Food & Drink,12+,394483712,2016-03-01 07:53:50+00:00,2024-03-18 15:12:39+00:00,0,1,"Uber Technologies, Inc.",4.78015,8009715,1,1,0,6,2939,Slightly negative,0,0,1,0,1,0,1,0,0,1,0,1,0,1,1,1,1,1,1,0,0,0,1,1,0,0,0,0,0,0,1,0,1,0,1,0,1,0,0,1,1,0,0,0,0,0,1,0,0,0,1,1,0,0,0,0,0,0,0,0,1,0,1,0,0,0,1,0,1,1,1,0,1,1,0,0,0,0,1,0,1,0,0,0,0,1,0,1,1,0,0,1,0,0,0,0,2,0,0,0,0,0,0,0,1,0,0,1,0,0,0,0,0,0,0,0,0,0,0,0,Very Recent Updates,Free,Very Mature,Large
Google Photos: Backup & Edit,https://apps.apple.com/us/app/google-photos-backup-edit/id962194608?uo=4,Photo & Video,4+,286024704,2015-05-28 20:53:27+00:00,2024-03-24 03:15:26+00:00,0,1,Google,4.65547,418179,1,1,0,1,3222,Positive,0,0,1,0,0,0,0,0,0,1,0,1,0,1,1,1,1,1,0,0,1,0,1,1,0,0,0,0,0,0,1,1,1,0,1,0,1,0,0,1,1,0,0,0,0,0,1,0,0,0,0,0,0,0,0,0,0,1,0,0,1,0,1,0,0,0,1,0,1,1,1,0,0,1,0,0,0,0,0,0,1,0,0,0,0,1,0,1,1,0,0,1,0,0,0,0,2,0,0,0,0,0,0,0,0,0,0,0,0,0,0,0,1,0,0,0,0,0,0,0,Very Recent Updates,Free,Very Mature,Large
Capital One Shopping: Save Now,https://apps.apple.com/us/app/capital-one-shopping-save-now/id1089294040?uo=4,Shopping,4+,75498496,2016-09-04 19:21:36+00:00,2024-03-19 20:17:59+00:00,0,1,"Wikibuy, LLC",4.85971,462997,1,1,0,5,2753,Positive,0,0,0,0,0,0,0,0,0,0,0,0,0,0,0,0,1,0,0,0,0,0,0,0,0,0,0,0,0,0,0,0,0,0,0,0,0,0,0,0,0,0,0,0,0,0,0,0,0,0,0,0,0,0,0,0,0,0,0,0,0,0,0,0,0,0,0,0,0,0,0,0,0,0,0,0,0,0,0,0,0,0,0,0,0,0,0,0,0,0,0,0,0,0,0,0,0,0,0,0,0,0,0,0,0,0,0,1,0,0,0,0,0,0,0,1,0,0,0,0,Very Recent Updates,Free,Very Mature,Medium
"Ticketmaster－Buy, Sell Tickets",https://apps.apple.com/us/app/ticketmaster-buy-sell-tickets/id500003565?uo=4,Entertainment,4+,69275648,2012-02-23 02:09:55+00:00,2024-02-26 21:32:11+00:00,0,1,Ticketmaster,4.7775,2837962,1,1,0,27,4386,Slightly negative,0,0,0,0,0,0,0,0,0,0,0,0,0,0,0,0,1,1,0,0,0,0,0,1,0,0,0,0,0,0,0,0,0,0,0,0,0,0,0,0,0,0,0,0,0,0,0,0,0,0,0,0,0,0,0,0,0,0,0,0,0,0,0,0,0,0,0,0,0,0,0,0,0,0,0,0,0,0,0,0,0,0,0,0,0,0,0,0,0,0,0,0,0,0,0,0,0,0,0,0,0,0,1,0,0,0,0,0,0,1,0,0,0,0,0,0,0,0,0,0,Very Recent Updates,Free,Very Mature,Medium
"ShutEye®: Sleep Tracker, Sound",https://apps.apple.com/us/app/shuteye-sleep-tracker-sound/id1490078804?uo=4,Health & Fitness,4+,301093888,2019-12-09 08:00:00+00:00,2024-03-20 19:49:27+00:00,0,1,Enerjoy Pte. Ltd.,4.76848,247923,1,1,0,4,1563,Positive,0,0,0,0,0,0,0,0,0,0,0,0,0,0,1,0,1,1,0,0,0,0,0,1,0,0,0,0,0,0,0,0,0,0,0,0,0,0,0,0,1,0,0,0,0,0,0,0,0,0,0,0,0,0,0,0,0,0,0,0,0,0,0,0,0,0,0,0,1,0,0,0,0,0,0,0,0,0,0,0,0,0,0,0,0,0,0,0,0,0,0,0,0,0,0,0,2,0,0,0,0,0,0,0,0,0,1,0,0,0,0,0,0,0,0,0,0,0,0,0,Very Recent Updates,Free,Very Mature,Large
Intuit Credit Karma,https://apps.apple.com/us/app/intuit-credit-karma/id519817714?uo=4,Finance,4+,134260736,2012-07-18 07:00:00+00:00,2024-03-18 19:37:12+00:00,0,1,"Credit Karma, Inc.",4.84413,6674794,1,1,0,6,4261,Slightly positive,0,0,0,0,0,0,0,0,0,0,0,0,0,0,0,0,1,0,0,0,0,0,0,0,0,0,0,0,0,0,0,0,0,0,0,0,0,0,0,0,0,0,0,0,0,0,0,0,0,0,0,0,0,0,0,0,0,0,0,0,0,0,0,0,0,0,0,0,0,0,0,0,0,0,0,0,0,0,0,0,0,0,0,0,0,0,0,0,0,0,0,0,0,0,0,0,0,0,0,0,0,0,0,1,0,0,0,0,0,0,0,0,0,1,0,0,0,0,0,0,Very Recent Updates,Free,Very Mature,Medium
Twitch: Live Streaming,https://apps.apple.com/us/app/twitch-live-streaming/id460177396?uo=4,Photo & Video,12+,191660032,2011-10-26 07:00:00+00:00,2024-03-19 17:17:22+00:00,0,1,"Twitch Interactive, Inc.",4.72549,2126597,1,1,0,5,4528,Slightly positive,0,0,0,0,0,0,1,0,0,0,0,1,0,1,1,1,1,1,0,0,0,0,1,1,0,0,0,0,0,0,0,0,0,0,1,0,0,0,0,1,1,0,0,0,0,0,1,0,0,0,0,0,0,0,0,0,0,0,0,0,1,0,1,0,0,0,1,0,1,1,1,0,0,1,0,0,0,0,0,0,1,0,0,0,0,1,0,1,0,0,0,1,0,0,0,0,2,0,0,0,0,0,0,0,0,0,0,0,0,0,0,0,1,0,0,0,1,0,0,0,Very Recent Updates,Free,Very Mature,Medium
ShortTV - Watch Dramas & Shows,https://apps.apple.com/us/app/shorttv-watch-dramas-shows/id6464002625?uo=4,Entertainment,12+,115724288,2023-09-11 07:00:00+00:00,2024-03-08 01:38:21+00:00,0,1,SHORTTV LIMITED,4.69703,9067,1,1,0,17,178,Positive,0,0,1,0,0,0,0,0,0,0,0,0,0,0,0,0,1,1,0,0,0,0,0,0,0,0,0,0,0,0,0,1,0,0,0,0,1,0,0,0,1,0,0,0,0,0,1,0,0,0,0,0,0,0,0,0,0,0,0,0,0,0,0,0,0,0,0,0,1,0,0,0,0,0,0,0,0,0,0,0,0,0,0,0,0,1,0,0,0,0,0,1,0,0,0,0,2,0,0,0,0,0,1,0,0,0,0,0,0,0,0,0,0,0,0,0,0,0,0,0,Very Recent Updates,Free,Established,Medium
Lyft,https://apps.apple.com/us/app/lyft/id529379082?uo=4,Travel,4+,282048512,2012-05-31 00:43:05+00:00,2024-03-18 18:27:46+00:00,0,1,"Lyft, Inc.",4.91586,14041652,1,1,0,6,4309,Slightly positive,0,0,0,0,0,0,0,0,0,0,0,0,0,0,0,0,1,1,0,0,0,0,0,1,0,0,0,0,0,0,0,0,0,0,0,0,0,0,0,0,0,0,0,0,0,0,0,0,0,0,0,0,0,0,0,0,0,0,0,0,0,0,0,0,0,0,0,0,1,0,0,0,0,0,0,0,0,0,0,0,0,0,0,0,0,0,0,0,0,0,0,0,0,0,0,0,0,0,0,0,0,0,0,0,0,0,0,0,0,0,1,0,0,0,0,0,0,0,1,0,Very Recent Updates,Free,Very Mature,Large
Vrbo Vacation Rentals,https://apps.apple.com/us/app/vrbo-vacation-rentals/id1245772818?uo=4,Travel,17+,289694720,2017-07-19 15:46:33+00:00,2024-03-18 02:44:36+00:00,0,1,"HomeAway.com, Inc.",4.84105,1563492,1,1,0,7,2433,Slightly positive,0,0,0,0,0,0,0,0,0,0,0,0,0,1,1,0,1,1,0,0,0,0,1,1,0,0,0,0,0,0,0,0,0,0,0,0,0,0,0,1,1,0,0,0,0,0,0,0,0,0,0,0,0,0,0,0,0,0,0,0,1,0,1,0,0,0,0,0,1,0,0,0,0,0,0,0,0,0,0,0,1,0,0,0,0,0,0,0,0,0,0,0,0,0,0,0,0,0,0,0,0,0,0,0,0,0,0,1,0,0,0,0,0,0,0,0,0,0,1,0,Very Recent Updates,Free,Very Mature,Large
Venmo,https://apps.apple.com/us/app/venmo/id351727428?uo=4,Finance,4+,416929792,2010-04-03 05:41:47+00:00,2024-03-19 23:38:57+00:00,0,1,Venmo,4.85954,15428424,1,1,0,5,5099,Slightly positive,0,0,0,0,0,0,0,0,0,0,0,0,0,0,0,0,1,0,0,0,0,0,0,0,0,0,0,0,0,0,0,0,0,0,0,0,0,0,0,0,0,0,0,0,0,0,0,0,0,0,0,0,0,0,0,0,0,0,0,0,0,0,0,0,0,0,0,0,0,0,0,0,0,0,0,0,0,0,0,0,0,0,0,0,0,0,0,0,0,0,0,0,0,0,0,0,0,0,0,0,0,0,0,1,0,0,0,0,0,0,0,0,0,0,0,0,0,0,0,1,Very Recent Updates,Free,Very Mature,Large
Google Meet,https://apps.apple.com/us/app/google-meet/id1096918571?uo=4,Social Networking,4+,207165440,2016-09-02 00:51:01+00:00,2024-03-18 17:22:03+00:00,0,1,Google,4.76112,2173036,1,1,0,6,2754,Positive,1,0,1,0,0,0,1,1,0,1,0,1,0,1,1,1,1,1,1,1,1,0,1,1,0,0,0,1,1,0,1,1,1,0,1,0,1,0,1,1,1,0,0,0,0,1,1,0,0,0,1,1,0,0,1,0,1,1,0,0,1,0,1,0,0,0,1,0,1,1,1,0,0,1,1,0,0,0,1,0,1,1,1,1,0,1,0,1,1,1,0,1,0,0,0,0,2,1,0,0,0,0,0,0,0,0,0,0,0,0,0,0,0,0,0,0,1,0,0,0,Very Recent Updates,Free,Very Mature,Large
Peacock TV: Stream TV & Movies,https://apps.apple.com/us/app/peacock-tv-stream-tv-movies/id1508186374?uo=4,Entertainment,12+,113575936,2020-07-14 07:00:00+00:00,2024-03-18 16:18:53+00:00,0,1,Peacock TV LLC,4.65068,2246798,1,1,0,6,1343,Slightly positive,0,0,0,0,0,0,0,0,0,0,0,0,0,0,0,0,1,0,0,0,0,0,0,0,0,0,0,0,0,0,0,0,0,0,0,0,0,0,0,0,0,0,0,0,0,0,0,0,0,0,0,0,0,0,0,0,0,0,0,0,0,0,0,0,0,0,0,0,0,0,0,0,0,0,0,0,0,0,0,0,0,0,0,0,0,0,0,0,0,0,0,0,0,0,0,0,0,0,0,0,0,0,1,0,0,0,0,0,0,0,0,0,0,0,0,0,0,0,0,0,Very Recent Updates,Free,Very Mature,Medium
"Expedia: Hotels, Flights & Car",https://apps.apple.com/us/app/expedia-hotels-flights-car/id427916203?uo=4,Travel,4+,283166720,2011-04-07 03:01:27+00:00,2024-03-11 02:23:42+00:00,0,1,"Expedia, Inc.",4.78823,4051364,1,1,0,14,4721,Slightly positive,0,0,0,0,0,0,0,0,0,0,0,0,0,1,1,0,1,1,0,0,0,0,1,1,0,0,0,0,0,0,0,0,0,0,0,0,1,0,0,1,1,0,0,0,0,0,1,0,0,0,0,0,0,0,0,0,0,0,0,0,1,0,1,0,0,0,0,0,1,0,0,0,0,0,0,0,0,0,0,0,1,0,0,0,0,1,0,0,0,0,0,1,0,0,0,0,2,0,0,0,0,0,0,0,0,0,0,1,0,0,0,0,0,0,0,0,0,0,1,0,Very Recent Updates,Free,Very Mature,Large
"Nike: Shoes, Apparel, Stories",https://apps.apple.com/us/app/nike-shoes-apparel-stories/id1095459556?uo=4,Shopping,4+,222114816,2016-08-02 10:40:10+00:00,2024-03-20 17:22:28+00:00,0,1,"Nike, Inc",4.8864,1696222,1,1,0,4,2787,Slightly positive,0,0,0,0,0,0,0,0,0,0,0,1,0,1,1,1,1,1,0,0,0,0,0,1,0,0,0,0,0,0,0,0,0,0,1,0,0,0,0,1,1,0,0,0,0,0,1,0,0,0,0,0,0,0,0,0,0,0,0,0,1,0,1,0,0,0,1,0,1,0,0,0,0,0,0,0,0,0,0,0,1,0,0,0,0,1,0,1,0,0,0,0,0,0,0,0,2,0,0,0,0,0,0,0,0,0,0,0,0,0,0,0,0,0,0,1,0,1,0,0,Very Recent Updates,Free,Very Mature,Large
Bible,https://apps.apple.com/us/app/bible/id282935706?uo=4,Reference,4+,180574208,2019-02-12 08:00:00+00:00,2024-03-22 12:04:04+00:00,0,1,Life.Church,4.90975,10123323,1,1,0,2,1865,Positive,1,0,1,0,0,1,1,0,0,1,0,1,1,1,1,1,1,1,0,0,1,0,1,1,0,0,0,1,0,0,1,1,1,1,1,1,1,0,1,1,1,0,0,0,1,0,1,1,0,0,1,1,0,1,1,1,0,1,0,1,1,0,1,0,0,0,1,0,1,1,1,0,0,1,1,1,0,1,0,0,1,1,1,1,0,1,0,1,1,1,0,1,0,0,0,1,2,1,1,0,0,0,0,0,0,0,0,0,0,0,0,0,0,0,1,0,0,0,0,0,Very Recent Updates,Free,Very Mature,Medium
Target,https://apps.apple.com/us/app/target/id297430070?uo=4,Shopping,4+,249494528,2008-11-25 01:35:22+00:00,2024-03-22 13:06:14+00:00,0,1,Target,4.90556,5589131,1,1,0,2,5596,Positive,0,0,0,0,0,0,0,0,0,0,0,0,0,0,0,0,1,0,0,0,0,0,0,0,0,0,0,0,0,0,0,0,0,0,0,0,0,0,0,0,0,0,0,0,0,0,0,0,0,0,0,0,0,0,0,0,0,0,0,0,0,0,0,0,0,0,0,0,0,0,0,0,0,0,0,0,0,0,0,0,0,0,0,0,0,0,0,0,0,0,0,0,0,0,0,0,0,0,0,0,0,0,0,0,0,0,0,1,0,0,0,0,0,0,0,1,0,0,0,0,Very Recent Updates,Free,Very Mature,Large
Zelle,https://apps.apple.com/us/app/zelle/id1260755201?uo=4,Finance,4+,80023552,2017-09-12 10:13:34+00:00,2024-02-01 14:32:32+00:00,0,1,"Early Warning Services, LLC",4.75201,524760,1,0,0,52,2333,Slightly positive,0,0,0,0,0,0,0,0,0,0,0,0,0,0,0,0,1,0,0,0,0,0,0,0,0,0,0,0,0,0,0,0,0,0,0,0,0,0,0,0,0,0,0,0,0,0,0,0,0,0,0,0,0,0,0,0,0,0,0,0,0,0,0,0,0,0,0,0,0,0,0,0,0,0,0,0,0,0,0,0,0,0,0,0,0,0,0,0,0,0,0,0,0,0,0,0,0,0,0,0,0,0,0,1,0,0,0,0,0,0,0,0,0,0,0,0,0,0,0,0,Recently Updated,Free,Very Mature,Medium
Tubi: Movies & Live TV,https://apps.apple.com/us/app/tubi-movies-live-tv/id886445756?uo=4,Entertainment,12+,140062720,2014-07-24 00:00:41+00:00,2024-03-25 00:46:02+00:00,0,1,"Tubi, Inc",4.76152,623507,1,1,0,0,3532,Positive,0,0,0,0,0,0,0,0,0,0,0,0,0,0,0,0,1,1,0,0,0,0,0,1,0,0,0,0,0,0,0,0,0,0,0,0,0,0,0,0,0,0,0,0,0,0,0,0,0,0,0,0,0,0,0,0,0,0,0,0,0,0,0,0,0,0,0,0,0,0,0,0,0,0,0,0,0,0,0,0,0,0,0,0,0,0,0,0,0,0,0,0,0,0,0,0,0,0,0,0,0,0,1,0,0,0,0,1,0,0,0,0,0,0,0,0,0,0,0,0,Very Recent Updates,Free,Very Mature,Medium
Google Drive,https://apps.apple.com/us/app/google-drive/id507874739?uo=4,Productivity,4+,276321280,2012-06-28 17:40:50+00:00,2024-03-21 16:20:29+00:00,0,1,Google,4.77352,6028672,1,1,0,3,4283,Positive,1,1,1,0,1,1,1,1,0,1,0,1,0,1,1,1,1,1,1,1,1,0,1,1,0,0,0,1,1,0,1,1,1,0,1,1,1,0,1,1,1,0,1,1,1,1,1,0,0,1,1,1,0,0,1,1,1,1,0,0,1,1,1,0,0,1,1,0,1,1,1,0,1,1,1,0,0,0,1,0,1,1,1,1,0,1,0,1,1,1,0,1,0,0,0,0,2,1,0,0,0,0,0,0,0,0,0,0,0,0,0,0,0,1,0,0,0,0,0,0,Very Recent Updates,Free,Very Mature,Large
"Canva: Design, Art & AI Editor",https://apps.apple.com/us/app/canva-design-art-ai-editor/id897446215?uo=4,Photo & Video,4+,85155840,2014-10-15 10:23:37+00:00,2024-03-21 05:00:43+00:00,0,1,Canva,4.88354,1999054,1,1,1,4,3444,Positive,1,0,1,1,1,0,1,1,0,1,0,1,1,1,1,1,1,1,1,1,1,1,1,1,0,0,0,1,1,1,1,1,1,0,1,1,1,1,0,1,1,1,1,1,1,1,1,1,1,0,1,1,1,1,1,1,1,1,0,1,1,1,1,1,0,1,1,0,1,1,1,1,1,1,1,1,1,1,1,1,1,1,1,1,0,1,0,1,1,1,1,1,1,1,0,1,2,1,0,0,0,0,0,0,0,0,0,0,0,0,0,0,1,1,0,0,0,0,0,0,Very Recent Updates,Free,Very Mature,Medium
AliExpress Shopping App,https://apps.apple.com/us/app/aliexpress-shopping-app/id436672029?uo=4,Shopping,12+,171475968,2011-05-27 02:51:53+00:00,2024-03-18 03:09:53+00:00,0,1,Alibaba,4.68166,342688,1,1,0,7,4679,Positive,0,0,1,0,0,0,0,0,0,0,0,0,0,0,1,0,1,1,0,0,0,0,0,1,0,0,0,0,0,0,1,0,0,0,0,0,1,0,0,1,1,0,0,0,0,0,1,0,0,0,0,0,0,0,0,0,0,0,0,0,0,0,1,0,0,0,1,0,1,0,1,0,0,0,0,0,0,0,0,0,0,0,0,0,0,1,0,1,1,0,0,1,0,0,0,0,1,0,0,0,0,0,0,0,0,0,0,1,0,0,0,0,0,0,0,1,0,0,0,0,Very Recent Updates,Free,Very Mature,Medium
CBS Sports App: Scores & News,https://apps.apple.com/us/app/cbs-sports-app-scores-news/id307184892?uo=4,Sports,4+,227999744,2009-03-17 07:00:00+00:00,2024-02-20 15:05:46+00:00,0,1,CBS Interactive,4.71013,622714,1,1,0,33,5453,Slightly negative,0,0,0,0,0,0,0,0,0,0,0,0,0,0,0,0,1,0,0,0,0,0,0,0,0,0,0,0,0,0,0,0,0,0,0,0,0,0,0,0,0,0,0,0,0,0,0,0,0,0,0,0,0,0,0,0,0,0,0,0,0,0,0,0,0,0,0,0,0,0,0,0,0,0,0,0,0,0,0,0,0,0,0,0,0,0,0,0,0,0,0,0,0,0,0,0,0,0,0,0,0,0,1,0,0,0,0,0,0,0,0,0,0,0,0,0,0,1,0,0,Recently Updated,Free,Very Mature,Large
Zillow Real Estate & Rentals,https://apps.apple.com/us/app/zillow-real-estate-rentals/id310738695?uo=4,Lifestyle,4+,343496704,2009-04-29 07:00:00+00:00,2024-03-19 20:00:08+00:00,0,1,Zillow.com,4.80198,7127308,1,1,0,5,5438,Slightly positive,0,0,0,0,0,0,0,0,0,0,0,0,0,0,0,0,1,0,0,0,0,0,0,0,0,0,0,0,0,0,0,0,0,0,0,0,0,0,0,0,0,0,0,0,0,0,0,0,0,0,0,0,0,0,0,0,0,0,0,0,0,0,0,0,0,0,0,0,0,0,0,0,0,0,0,0,0,0,0,0,0,0,0,0,0,0,0,0,0,0,0,0,0,0,0,0,0,0,0,0,0,0,0,0,0,0,0,1,0,0,0,0,0,0,1,0,0,0,0,0,Very Recent Updates,Free,Very Mature,Large
DoorDash - Dasher,https://apps.apple.com/us/app/doordash-dasher/id1451754591?uo=4,Business,12+,338231296,2019-03-13 16:03:13+00:00,2024-03-21 20:49:33+00:00,0,1,"DoorDash, Inc.",4.70295,2434142,1,1,0,3,1835,Slightly positive,0,0,0,0,0,0,0,0,0,0,0,0,0,0,1,0,1,1,0,0,0,0,0,1,0,0,0,0,0,0,0,0,0,0,0,0,0,0,0,0,1,0,0,0,0,0,0,0,0,0,0,0,0,0,0,0,0,0,0,0,0,0,0,0,0,0,0,0,0,0,0,0,0,0,0,0,0,0,0,0,0,0,0,0,0,0,0,0,0,0,0,0,0,0,0,0,1,0,0,1,0,0,0,0,0,0,0,0,0,0,0,0,0,0,0,0,0,0,0,0,Very Recent Updates,Free,Very Mature,Large
eBay Marketplace: Buy and Sell,https://apps.apple.com/us/app/ebay-marketplace-buy-and-sell/id282614216?uo=4,Shopping,12+,237045760,2019-01-31 08:00:00+00:00,2024-03-24 07:14:39+00:00,0,1,eBay Inc.,4.81836,4292268,1,1,0,1,1878,Slightly positive,0,0,0,0,0,0,0,0,0,0,0,1,0,0,1,0,1,1,0,0,0,0,0,1,0,0,0,0,0,0,0,0,0,0,1,0,0,0,0,1,1,0,0,0,0,0,1,0,0,0,0,0,0,0,0,0,0,0,0,0,0,0,1,0,0,0,1,0,1,0,1,0,0,0,0,0,0,0,0,0,0,0,0,0,0,0,0,0,0,0,0,0,0,0,0,0,2,0,0,0,0,0,0,0,0,0,0,1,0,0,0,0,0,0,0,1,0,0,0,0,Very Recent Updates,Free,Very Mature,Large
Taco Bell Fast Food & Delivery,https://apps.apple.com/us/app/taco-bell-fast-food-delivery/id497387361?uo=4,Food & Drink,4+,193955840,2012-01-26 05:14:47+00:00,2024-03-13 02:45:57+00:00,0,1,Taco Bell,4.68869,1128881,1,1,0,12,4429,Slightly negative,0,0,0,0,0,0,0,0,0,0,0,0,0,0,0,0,1,0,0,0,0,0,0,0,0,0,0,0,0,0,0,0,0,0,0,0,0,0,0,0,0,0,0,0,0,0,0,0,0,0,0,0,0,0,0,0,0,0,0,0,0,0,0,0,0,0,0,0,0,0,0,0,0,0,0,0,0,0,0,0,0,0,0,0,0,0,0,0,0,0,0,0,0,0,0,0,0,0,0,0,0,0,0,0,1,0,0,1,0,0,0,0,0,0,0,0,0,0,0,0,Very Recent Updates,Free,Very Mature,Medium
Zoom - One Platform to Connect,https://apps.apple.com/us/app/zoom-one-platform-to-connect/id546505307?uo=4,Business,4+,244469760,2012-08-15 07:00:00+00:00,2024-03-11 16:05:58+00:00,0,1,"Zoom Video Communications, Inc.",4.62465,2652441,1,1,0,13,4226,Positive,0,0,0,0,0,0,0,0,0,0,0,0,0,0,1,0,1,1,0,0,0,0,0,1,0,0,0,0,0,0,0,0,0,0,0,0,1,0,0,1,1,0,0,0,0,0,1,0,0,0,0,0,0,0,0,0,0,0,0,0,0,0,1,0,0,0,1,0,1,0,1,0,0,0,0,0,0,0,0,0,1,0,0,0,0,0,0,1,0,0,0,1,0,0,0,0,2,0,0,1,0,0,0,0,0,0,0,0,0,0,0,0,0,1,0,0,0,0,0,0,Very Recent Updates,Free,Very Mature,Large
Ring - Always Home,https://apps.apple.com/us/app/ring-always-home/id926252661?uo=4,Lifestyle,4+,320611328,2014-11-19 07:46:25+00:00,2024-03-21 17:01:49+00:00,0,1,Ring.com,4.59448,334361,1,1,0,3,3410,Slightly positive,0,0,0,0,0,0,0,0,0,0,0,0,0,0,1,0,1,1,0,0,0,0,0,1,0,0,0,0,0,0,0,0,0,0,0,0,0,0,0,1,1,0,0,0,0,0,0,0,0,0,0,0,0,0,0,0,0,0,0,0,0,0,1,0,0,0,0,0,0,0,0,0,0,0,0,0,0,0,0,0,0,0,0,0,0,0,0,0,0,0,0,0,0,0,0,0,0,0,0,0,0,0,0,0,0,0,0,1,0,0,0,0,0,0,0,0,0,0,0,0,Very Recent Updates,Free,Very Mature,Large
American Airlines,https://apps.apple.com/us/app/american-airlines/id382698565?uo=4,Travel,4+,440051712,2010-07-26 07:00:00+00:00,2024-03-18 15:02:42+00:00,0,1,American Airlines,4.66871,452702,1,1,0,6,4984,Slightly positive,0,0,0,0,0,0,0,0,0,0,0,0,0,0,0,0,1,0,0,0,0,0,0,0,0,0,0,0,0,0,0,0,0,0,0,0,0,0,0,0,0,0,0,0,0,0,0,0,0,0,0,0,0,0,0,0,0,0,0,0,0,0,0,0,0,0,0,0,0,0,0,0,0,0,0,0,0,0,0,0,0,0,0,0,0,0,0,0,0,0,0,0,0,0,0,0,0,0,0,0,0,0,0,0,0,0,0,1,0,0,0,0,0,0,0,0,0,0,1,0,Very Recent Updates,Free,Very Mature,Large
Costco,https://apps.apple.com/us/app/costco/id535509415?uo=4,Shopping,4+,45093888,2012-07-06 15:08:48+00:00,2024-03-21 23:03:03+00:00,0,1,Costco Wholesale Corporation,4.83026,537445,1,1,0,3,4276,Slightly positive,0,0,0,0,0,0,0,0,0,0,0,0,0,0,0,0,1,1,0,0,0,0,0,1,0,0,0,0,0,0,0,0,0,0,0,0,0,0,0,0,0,0,0,0,0,0,0,0,0,0,0,0,0,0,0,0,0,0,0,0,0,0,0,0,0,0,0,0,0,0,0,0,0,0,0,0,0,0,0,0,0,0,0,0,0,0,0,0,0,0,0,0,0,0,0,0,0,0,0,0,0,0,0,0,0,0,0,1,0,0,0,0,0,0,0,1,0,0,0,0,Very Recent Updates,Free,Very Mature,Small
Waze Navigation & Live Traffic,https://apps.apple.com/us/app/waze-navigation-live-traffic/id323229106?uo=4,Navigation,4+,199916544,2009-08-01 21:14:40+00:00,2024-03-05 13:26:44+00:00,0,1,Waze Inc.,4.84823,2996346,1,1,0,19,5329,Slightly positive,1,0,1,0,1,1,1,0,0,1,0,1,1,1,1,1,1,1,1,1,1,0,1,1,1,0,0,1,0,0,1,0,1,0,1,0,1,0,0,1,1,0,1,0,0,1,1,0,0,0,1,1,0,0,0,0,0,1,0,0,1,0,1,0,0,0,1,0,1,1,1,0,0,1,1,0,0,0,1,0,1,0,0,0,0,0,0,1,1,0,1,0,0,0,0,0,2,0,0,0,0,0,0,0,0,0,0,0,0,0,1,0,0,0,0,0,0,0,1,0,Very Recent Updates,Free,Very Mature,Medium
Fly Delta,https://apps.apple.com/us/app/fly-delta/id388491656?uo=4,Travel,4+,382738432,2010-09-01 06:03:36+00:00,2024-03-13 16:03:10+00:00,0,1,"Delta Air Lines, Inc.",4.84067,5991811,1,1,0,11,4942,Positive,0,0,0,0,0,0,0,0,0,0,0,0,0,0,0,0,1,1,0,0,0,0,0,0,0,0,0,0,0,0,0,0,0,0,0,0,0,0,0,0,0,0,0,0,0,0,0,0,0,0,0,0,0,0,0,0,0,0,0,0,0,0,0,0,0,0,0,0,0,0,0,0,0,0,0,0,0,0,0,0,0,0,0,0,0,0,0,0,0,0,0,0,0,0,0,0,0,0,0,0,0,0,0,0,0,0,0,0,0,0,0,0,0,0,0,0,0,0,1,0,Very Recent Updates,Free,Very Mature,Large
YouTube TV,https://apps.apple.com/us/app/youtube-tv/id1193350206?uo=4,Entertainment,12+,138556416,2017-04-05 14:51:58+00:00,2024-03-20 18:53:07+00:00,0,1,Google,3.70318,51355,1,1,0,4,2541,Slightly positive,0,0,0,0,0,0,0,0,0,0,0,0,0,0,0,0,1,1,0,0,0,0,0,0,0,0,0,0,0,0,0,0,0,0,0,0,0,0,0,0,0,0,0,0,0,0,0,0,0,0,0,0,0,0,0,0,0,0,0,0,0,0,0,0,0,0,0,0,0,0,0,0,0,0,0,0,0,0,0,0,0,0,0,0,0,0,0,0,0,0,0,0,0,0,0,0,0,0,0,0,0,0,1,0,0,0,0,0,0,0,0,0,0,0,0,0,0,0,0,0,Very Recent Updates,Free,Very Mature,Medium
Capital One Mobile,https://apps.apple.com/us/app/capital-one-mobile/id407558537?uo=4,Finance,4+,533584896,2010-12-13 08:00:00+00:00,2024-03-22 14:35:13+00:00,0,1,Capital One,4.8495,8056354,1,1,0,2,4848,Slightly positive,0,0,0,0,0,0,0,0,0,0,0,0,0,0,0,0,1,1,0,0,0,0,0,0,0,0,0,0,0,0,0,0,0,0,0,0,0,0,0,0,0,0,0,0,0,0,0,0,0,0,0,0,0,0,0,0,0,0,0,0,0,0,0,0,0,0,0,0,0,0,0,0,0,0,0,0,0,0,0,0,0,0,0,0,0,0,0,0,0,0,0,0,0,0,0,0,0,0,0,0,0,0,0,1,0,0,0,0,0,0,0,0,0,0,0,0,0,0,0,0,Very Recent Updates,Free,Very Mature,Large
YouTube Music,https://apps.apple.com/us/app/youtube-music/id1017492454?uo=4,Music,12+,219421696,2015-11-12 15:56:43+00:00,2024-03-24 17:49:47+00:00,0,1,Google,4.76223,1167879,1,1,0,0,3055,Slightly positive,1,1,1,0,1,1,1,1,1,1,0,1,0,1,1,1,1,1,1,1,1,0,1,1,0,0,0,1,1,0,1,1,1,0,1,1,1,0,1,1,1,0,1,1,1,1,1,0,1,1,1,1,0,1,1,1,1,1,0,1,1,1,1,0,0,1,1,0,1,1,1,0,1,1,1,0,0,1,1,0,1,1,1,1,0,1,0,1,1,1,1,1,0,0,0,0,2,1,0,0,0,0,1,0,0,0,0,0,0,1,0,0,0,0,0,0,0,0,0,0,Very Recent Updates,Free,Very Mature,Large
Locket Widget,https://apps.apple.com/us/app/locket-widget/id1600525061?uo=4,Social Networking,12+,151005184,2021-12-30 08:00:00+00:00,2024-03-25 08:02:50+00:00,0,1,"Locket Labs, Inc.",4.76105,302160,1,1,0,0,816,Positive,0,0,0,0,0,0,0,0,0,0,0,0,0,0,0,0,1,1,0,0,0,0,0,1,0,0,0,0,0,0,0,0,0,0,0,0,0,0,0,0,1,0,0,0,0,0,1,0,0,0,0,0,0,0,0,0,0,0,0,0,0,0,0,0,0,0,0,0,1,0,0,0,0,0,0,0,0,0,0,0,0,0,0,0,0,0,0,0,0,0,0,1,0,0,0,0,0,0,0,0,0,0,0,0,0,0,0,0,0,0,0,0,1,0,0,0,1,0,0,0,Very Recent Updates,Free,Mature,Medium
JustFit: Lazy Workout & Fit,https://apps.apple.com/us/app/justfit-lazy-workout-fit/id1574460221?uo=4,Health & Fitness,4+,227073024,2021-08-29 07:00:00+00:00,2024-03-21 13:41:13+00:00,0,1,Enerjoy Pte. Ltd.,4.79061,149322,1,1,0,3,935,Slightly positive,0,0,0,0,0,0,0,0,0,0,0,0,0,0,1,0,1,1,0,0,0,0,0,1,0,0,0,0,0,0,0,0,0,0,0,0,0,0,0,1,1,0,0,0,0,0,1,0,0,0,0,0,0,0,0,0,0,0,0,0,0,0,0,0,0,0,0,0,1,0,0,0,0,0,0,0,0,0,0,0,0,0,0,0,0,0,0,0,0,0,0,0,0,0,0,0,2,0,0,0,0,0,0,0,0,0,1,0,0,0,0,0,0,0,0,0,0,0,0,0,Very Recent Updates,Free,Mature,Large
Google Translate,https://apps.apple.com/us/app/google-translate/id414706506?uo=4,Reference,4+,175959040,2011-02-08 18:59:55+00:00,2024-03-18 22:34:22+00:00,0,1,Google,4.32918,75562,1,1,0,6,4787,Slightly positive,1,0,1,0,1,1,1,1,1,1,1,1,1,1,1,1,1,1,1,1,1,0,1,1,0,1,1,1,1,0,1,1,1,1,1,1,1,1,1,1,1,0,1,1,1,1,1,0,1,1,1,1,0,1,1,1,1,1,1,0,1,1,1,0,0,1,1,1,1,1,1,0,1,1,1,1,0,1,1,0,1,1,1,1,1,1,0,1,1,1,1,1,0,0,1,1,2,1,0,0,0,0,0,0,0,0,0,0,0,0,0,0,0,0,1,0,0,0,1,0,Very Recent Updates,Free,Very Mature,Medium
Etsy: Shop & Gift with Style,https://apps.apple.com/us/app/etsy-shop-gift-with-style/id477128284?uo=4,Shopping,12+,127005696,2011-11-16 16:40:25+00:00,2024-03-19 19:01:35+00:00,0,1,"Etsy, Inc.",4.93058,5483271,1,1,0,5,4507,Positive,0,0,0,0,0,0,0,0,0,0,0,0,0,0,1,1,1,1,0,0,0,0,0,1,0,1,0,0,0,0,0,0,0,0,0,0,0,0,0,1,1,0,0,0,0,0,0,0,0,0,0,0,0,0,0,0,0,0,0,0,1,0,1,0,0,0,1,0,1,1,1,0,0,0,0,0,0,0,0,0,0,0,0,0,0,0,0,0,0,0,0,0,0,0,0,0,0,0,0,0,0,0,0,0,0,0,0,1,0,0,0,0,0,0,0,1,0,0,0,0,Very Recent Updates,Free,Very Mature,Medium
ESPN: Live Sports & Scores,https://apps.apple.com/us/app/espn-live-sports-scores/id317469184?uo=4,Sports,4+,157305856,2009-06-02 06:42:49+00:00,2024-03-12 16:54:32+00:00,0,1,Disney,4.64248,3016267,1,1,0,12,5397,Slightly positive,0,0,0,0,0,0,0,0,0,0,0,0,0,0,0,0,1,1,0,0,0,0,0,0,0,0,0,0,0,0,0,0,0,0,0,0,0,0,0,0,0,0,0,0,0,0,0,0,0,0,0,0,0,0,0,0,0,0,0,0,0,0,1,0,0,0,0,0,1,0,0,0,0,0,0,0,0,0,0,0,0,0,0,0,0,0,0,0,0,0,0,0,0,0,0,0,0,0,0,0,0,0,1,0,0,0,0,0,0,0,0,0,0,0,0,0,0,1,0,0,Very Recent Updates,Free,Very Mature,Medium
Yuka - Food & Cosmetic scanner,https://apps.apple.com/us/app/yuka-food-cosmetic-scanner/id1092799236?uo=4,Health & Fitness,4+,207389696,2017-01-09 00:16:29+00:00,2023-12-12 23:48:43+00:00,0,1,Yuca,4.82045,47669,1,1,0,103,2528,Slightly positive,0,0,0,0,0,0,0,0,0,0,0,0,0,0,1,0,1,1,0,0,0,0,0,1,0,0,0,0,0,0,0,0,0,0,0,0,0,0,0,1,0,0,0,0,0,0,0,0,0,0,0,0,0,0,0,0,0,0,0,0,0,0,0,0,0,0,0,0,0,0,0,0,0,0,0,0,0,0,0,0,0,0,0,0,0,0,0,0,0,0,0,0,0,0,0,0,0,0,0,0,0,0,0,0,1,0,1,0,0,0,0,0,0,0,0,0,0,0,0,0,Moderately Updated,Free,Very Mature,Large
DraftKings Sportsbook & Casino,https://apps.apple.com/us/app/draftkings-sportsbook-casino/id1375031369?uo=4,Sports,17+,455923712,2018-08-03 10:09:19+00:00,2024-03-16 13:24:38+00:00,0,1,DraftKings,4.82561,694100,1,1,0,8,2052,Positive,0,0,0,0,0,0,0,0,0,0,0,0,0,0,0,0,0,0,0,0,0,0,0,0,0,0,0,0,0,0,0,0,0,0,0,0,0,0,0,0,0,0,0,0,0,0,0,0,0,0,0,0,0,0,0,0,0,0,0,0,0,0,0,0,0,0,0,0,0,0,0,0,0,0,0,0,0,0,0,0,0,0,0,0,0,0,0,0,0,0,0,0,0,0,0,0,0,0,0,0,1,0,0,0,0,1,0,0,0,0,0,0,0,0,0,0,0,1,0,0,Very Recent Updates,Free,Very Mature,Large
PlayStation App,https://apps.apple.com/us/app/playstation-app/id410896080?uo=4,Entertainment,12+,102847488,2013-11-13 05:01:49+00:00,2024-03-22 02:11:43+00:00,0,1,PlayStation Mobile Inc.,4.42603,76516,1,1,0,3,3781,Slightly positive,0,0,1,0,0,0,0,0,0,0,0,1,0,1,1,1,1,1,0,0,0,0,1,1,0,0,0,0,0,0,0,0,0,0,1,0,1,0,0,1,1,0,0,0,0,0,1,0,0,0,0,0,0,0,0,0,0,0,0,0,1,0,1,0,0,0,1,0,1,1,1,0,0,0,0,0,0,0,0,0,1,0,0,0,0,1,0,1,1,0,0,1,0,0,0,0,2,0,0,0,0,0,1,0,0,1,0,0,0,0,0,0,0,0,0,0,0,0,0,0,Very Recent Updates,Free,Very Mature,Medium
LinkedIn: Network & Job Finder,https://apps.apple.com/us/app/linkedin-network-job-finder/id288429040?uo=4,Business,12+,497500160,2019-02-03 08:00:00+00:00,2024-03-19 17:01:10+00:00,0,1,LinkedIn Corporation,4.14724,80431,1,1,0,5,1871,Slightly positive,0,0,1,0,0,0,0,0,0,0,0,1,0,1,1,0,1,1,0,0,0,0,0,1,0,0,0,0,0,0,0,1,0,0,0,0,1,0,0,1,1,0,0,0,0,0,1,0,0,0,0,0,0,0,0,0,0,1,0,0,1,0,1,0,0,0,1,0,1,1,1,0,0,0,0,0,0,0,0,0,1,0,0,0,0,1,0,1,1,0,0,0,0,0,0,0,2,0,0,1,0,0,0,0,0,0,0,0,0,0,0,0,0,0,0,0,0,0,0,0,Very Recent Updates,Free,Very Mature,Large
TV Remote - Universal Control,https://apps.apple.com/us/app/tv-remote-universal-control/id1539090879?uo=4,Utilities,4+,214989824,2020-11-19 08:00:00+00:00,2024-03-20 16:05:30+00:00,0,1,EVOLLY.APP,4.41437,329352,1,1,0,4,1217,Slightly positive,0,0,0,0,0,0,0,0,0,0,0,0,0,0,0,0,1,0,0,0,0,0,0,0,0,0,0,0,0,0,0,0,0,0,0,0,0,0,0,0,0,0,0,0,0,0,0,0,0,0,0,0,0,0,0,0,0,0,0,0,0,0,0,0,0,0,0,0,0,0,0,0,0,0,0,0,0,0,0,0,0,0,0,0,0,0,0,0,0,0,0,0,0,0,0,0,0,0,0,0,0,0,0,0,0,0,0,0,0,0,0,0,0,1,0,0,0,0,0,1,Very Recent Updates,Free,Very Mature,Large
Microsoft Authenticator,https://apps.apple.com/us/app/microsoft-authenticator/id983156458?uo=4,Productivity,4+,201752576,2015-05-30 09:25:44+00:00,2024-03-05 18:38:59+00:00,0,1,Microsoft Corporation,4.76771,355095,1,1,0,19,3202,Slightly negative,0,0,1,0,0,0,1,0,0,1,0,1,0,1,1,1,1,1,1,1,0,0,1,1,0,0,0,1,0,0,1,1,1,0,1,0,1,0,0,1,1,0,0,1,0,0,1,0,0,0,1,1,0,0,0,0,0,1,0,0,1,0,1,0,0,0,1,0,1,1,1,0,0,1,1,0,0,0,1,0,1,0,0,0,0,1,0,1,1,0,0,1,0,0,0,0,2,0,0,0,0,0,0,0,0,0,0,0,0,0,0,0,0,1,0,0,0,0,0,1,Very Recent Updates,Free,Very Mature,Large
Flo Period & Pregnancy Tracker,https://apps.apple.com/us/app/flo-period-pregnancy-tracker/id1038369065?uo=4,Health & Fitness,12+,243473408,2015-10-03 22:28:36+00:00,2024-03-14 19:45:37+00:00,0,1,FLO HEALTH UK LIMITED,4.76725,1261377,1,1,0,10,3084,Slightly positive,0,0,0,0,0,0,0,0,0,0,0,0,0,1,1,0,1,1,0,0,0,0,1,1,0,0,0,0,0,0,0,0,0,0,0,0,1,0,0,1,1,0,0,0,0,0,1,0,0,0,0,0,0,0,0,0,0,0,0,0,1,0,0,0,0,0,1,0,1,0,1,0,0,0,0,0,0,0,0,0,1,0,0,0,0,1,0,1,1,0,0,1,0,0,0,0,2,0,0,0,0,0,0,0,0,0,1,0,1,0,0,0,0,0,0,0,0,0,0,0,Very Recent Updates,Free,Very Mature,Large
Shazam: Find Music & Concerts,https://apps.apple.com/us/app/shazam-find-music-concerts/id284993459?uo=4,Music,12+,54176768,2019-02-09 08:00:00+00:00,2024-03-20 17:21:37+00:00,0,1,Apple,4.89794,7564435,1,1,0,4,1866,Positive,0,0,0,0,0,0,0,0,0,0,0,1,0,0,1,0,1,1,0,0,0,0,0,1,0,0,0,0,0,0,0,0,0,0,0,0,1,0,0,1,1,0,0,0,0,0,1,0,0,0,0,0,0,0,0,0,0,1,0,0,0,0,1,0,0,0,1,0,1,0,1,0,0,1,0,0,0,0,0,0,0,0,0,0,0,0,0,1,1,0,0,0,0,0,0,0,2,0,0,0,0,0,1,0,0,0,0,0,0,1,0,0,0,0,0,0,0,0,0,0,Very Recent Updates,Free,Very Mature,Medium
"Tinder: Chat, Dating & Friends",https://apps.apple.com/us/app/tinder-chat-dating-friends/id547702041?uo=4,Lifestyle,17+,253308928,2012-08-03 01:43:39+00:00,2024-03-13 17:32:25+00:00,0,1,Tinder Inc.,4.05117,980512,1,1,0,11,4240,Slightly positive,1,0,1,0,0,0,1,1,0,1,0,1,0,1,1,1,1,1,1,0,0,0,1,1,0,0,0,0,0,0,1,1,1,0,1,0,1,0,0,1,1,0,0,0,1,0,1,0,0,0,1,1,0,0,0,0,0,1,0,0,1,0,1,0,0,0,1,0,1,1,1,0,0,1,1,0,0,0,1,0,1,0,1,1,0,1,0,1,1,0,0,1,0,0,0,0,2,0,0,0,0,0,0,0,0,0,0,1,0,0,0,0,0,0,0,0,1,0,0,0,Very Recent Updates,Free,Very Mature,Large
TextNow: Call + Text Unlimited,https://apps.apple.com/us/app/textnow-call-text-unlimited/id314716233?uo=4,Social Networking,12+,210715648,2009-05-07 01:45:28+00:00,2024-03-01 12:17:49+00:00,0,1,"TextNow, Inc.",4.80863,692259,1,1,0,23,5412,Slightly positive,0,0,0,0,0,0,0,0,0,0,0,0,0,0,0,0,1,1,0,0,0,0,0,1,0,0,0,0,0,0,0,0,0,0,0,0,0,0,0,0,0,0,0,0,0,0,0,0,0,0,0,0,0,0,0,0,0,0,0,0,0,0,0,0,0,0,0,0,0,0,0,0,0,0,0,0,0,0,0,0,0,0,0,0,0,0,0,0,0,0,0,0,0,0,0,0,0,0,0,0,0,0,0,0,0,0,0,0,0,0,0,0,0,0,0,0,1,0,0,1,Very Recent Updates,Free,Very Mature,Large
