title;minInstalls;score;ratings;price;free;available;offersIAP;IAPRange;developer;genre;contentRating;adSupported;released;updated;preregister;earlyAccessEnabled;isAvailableInPlayPass;Entertainment;Communication;Social;Music & Audio;Productivity;Finance;Sports;Tools;Books & Reference;Maps & Navigation;Education;Video Players & Editors;Food & Drink;Shopping;Photography;Health & Fitness;Personalization;Travel & Local;Lifestyle;sentiment_category;install_to_rating;engagement_score;rating_ratio;days_since_last_update;app_age;update_frequency;app_age_category;rating_ratio_category;engagement_score_category;price_category;install_to_rating_category
AfriTV;10000;3.2992127;228;0;1;True;False;;Africell Angola SA;Entertainment;12+;False;2023-12-11;2024-03-14;False;False;False;1;0;0;0;0;0;0;0;0;0;0;0;0;0;0;0;0;0;0;Slightly positive;43.859649122787786;0.07522204956;1.5679012345679013;4;94.0;Rarely Updated;Established;Mixed;Moderate Engagement;Free;High Review Ratio
WhatsApp Messenger;5000000000;4.0815635;187545951;0;1;True;False;;WhatsApp LLC;Communication;3+;False;2010-10-18;2024-03-12;False;False;False;0;1;0;0;0;0;0;0;0;0;0;0;0;0;0;0;0;0;0;Positive;26.660133014548524;0.15309614163487767;4.01014153446632;6;4894.0;Rarely Updated;Very Mature;Good;High Engagement;Free;High Review Ratio
Facebook Lite;1000000000;3.6656585;25826118;0;1;True;False;;Meta Platforms, Inc.;Social;12+;True;2015-06-24;2024-03-17;False;False;False;0;0;1;0;0;0;0;0;0;0;0;0;0;0;0;0;0;0;0;Positive;38.72049217772489;0.094669728968703;2.1773365707896577;1;3189.0;Rarely Updated;Very Mature;Good;Moderate Engagement;Free;High Review Ratio
Spotify: Music and Podcasts;1000000000;3.9699821;30713128;0;1;True;False;;Spotify AB;Music & Audio;12+;True;2021-03-16;2024-03-12;False;False;False;0;0;0;1;0;0;0;0;0;0;0;0;0;0;0;0;0;0;0;Slightly positive;32.55936679585355;0.1219305683950088;3.331817324081417;6;1092.0;Rarely Updated;Mature;Good;High Engagement;Free;High Review Ratio
MyUnitel;10000;4.069307;103;0;1;True;False;;Unitel SA;Productivity;3+;False;2023-12-07;2024-02-02;False;False;False;0;0;0;0;1;0;0;0;0;0;0;0;0;0;0;0;0;0;0;Positive;97.08737864068243;0.0419138621;4.933333333333334;45;57.0;Rarely Updated;Recently Launched;Good;Low Engagement;Free;High Review Ratio
RYT - Music Player;10000000;4.5529833;625382;0;1;True;False;;Alaskavinh;Music & Audio;3+;True;2019-08-24;2023-12-13;False;False;False;0;0;0;1;0;0;0;0;0;0;0;0;0;0;0;0;0;0;0;Positive;15.990226773396097;0.28473538021205996;17.141103916127044;96;1572.0;Rarely Updated;Very Mature;Exceptional;Very High Engagement;Free;High Review Ratio
TikTok Lite;500000000;4.322646;7259267;0;1;True;False;;TikTok Pte. Ltd.;Social;12+;True;2018-11-27;2024-03-15;False;False;False;0;0;1;0;0;0;0;0;0;0;0;0;0;0;0;0;0;0;0;Positive;68.87747757452647;0.06275848292096399;6.487642646755506;3;1935.0;Rarely Updated;Very Mature;Great;Moderate Engagement;Free;High Review Ratio
WhatsApp Business;1000000000;4.0426784;12714762;0;1;True;False;;WhatsApp LLC;Communication;3+;False;2018-01-29;2024-03-11;False;False;False;0;1;0;0;0;0;0;0;0;0;0;0;0;0;0;0;0;0;0;Positive;78.64873915846793;0.0514016936985408;3.7396707497332327;7;2233.0;Rarely Updated;Very Mature;Good;Low Engagement;Free;High Review Ratio
MULTICAIXA Express;1000000;4.262402;22930;0;1;True;False;;EMIS SA;Finance;3+;False;2019-02-28;2023-05-18;False;False;False;0;0;0;0;0;1;0;0;0;0;0;0;0;0;0;0;0;0;0;Positive;43.61098996947212;0.09773687785999999;6.511103151862464;305;1540.0;Rarely Updated;Very Mature;Great;Moderate Engagement;Free;High Review Ratio
BeSoccer - Soccer Live Score;50000000;4.4677267;495033;0;1;True;False;;BeSoccer Apps;Sports;3+;True;2013-03-12;2024-02-16;False;False;False;0;0;0;0;0;0;1;0;0;0;0;0;0;0;0;0;0;0;0;Positive;101.00336745227084;0.044233443029622;10.315485564304462;31;3993.0;Rarely Updated;Very Mature;Exceptional;Low Engagement;Free;Moderate Review Ratio
TikTok;1000000000;4.2298865;62141266;0;1;True;False;;TikTok Pte. Ltd.;Social;12+;True;2015-09-14;2024-03-15;False;False;False;0;0;1;0;0;0;0;0;0;0;0;0;0;0;0;0;0;0;0;Positive;16.092366061547573;0.262850502146309;5.122123206388661;3;3105.0;Rarely Updated;Very Mature;Great;Very High Engagement;Free;High Review Ratio
Instagram Lite;100000000;3.9123304;1307911;0;1;True;False;;Instagram;Social;12+;False;2021-02-18;2024-03-11;False;False;False;0;0;1;0;0;0;0;0;0;0;0;0;0;0;0;0;0;0;0;Positive;76.45780179232379;0.051169799657944;3.092645930631637;7;1117.0;Rarely Updated;Very Mature;Good;Low Engagement;Free;High Review Ratio
All Video Downloader & Player;50000000;4.6193933;482406;0;1;True;False;;QR Code Scanner.;Tools;3+;True;2022-01-29;2024-02-21;False;False;False;0;0;0;0;0;0;0;1;0;0;0;0;0;0;0;0;0;0;0;Positive;103.64713540047178;0.044568460885596;12.705870344988481;26;753.0;Rarely Updated;Mature;Exceptional;Low Engagement;Free;Moderate Review Ratio
Snapchat;1000000000;3.9698272;34125521;0;1;True;False;;Snap Inc;Communication;12+;True;2012-10-29;2024-03-13;False;False;False;0;1;0;0;0;0;0;0;0;0;0;0;0;0;0;0;0;0;0;Positive;29.30358191454425;0.1354724214799712;3.414738704541956;5;4153.0;Rarely Updated;Very Mature;Good;High Engagement;Free;High Review Ratio
Bible App Lite - NIV Offline;10000000;4.7673745;373649;0;1;True;False;;Life.Church;Books & Reference;3+;False;2022-12-22;2024-02-14;False;False;False;0;0;0;0;0;0;0;0;1;0;0;0;0;0;0;0;0;0;0;Positive;26.76308514140275;0.17813247145505;29.334303776409914;33;419.0;Rarely Updated;Mature;Exceptional;High Engagement;Free;High Review Ratio
PDF Reader - PDF Viewer;50000000;4.7584686;337544;0;1;True;False;;QR Code Scanner.;Productivity;3+;True;2022-01-25;2024-03-08;False;False;False;0;0;0;0;1;0;0;0;0;0;0;0;0;0;0;0;0;0;0;Positive;148.12883653686626;0.032123850502368;23.69240506329114;10;773.0;Rarely Updated;Mature;Exceptional;Low Engagement;Free;Moderate Review Ratio
Instagram;5000000000;4.14479;152357580;0;1;True;False;;Instagram;Social;12+;True;2012-04-03;2024-03-11;False;False;False;0;0;1;0;0;0;0;0;0;0;0;0;0;0;0;0;0;0;0;Positive;32.817533594324615;0.12629803480164;4.4278122357712775;7;4360.0;Rarely Updated;Very Mature;Good;High Engagement;Free;High Review Ratio
Order a ride with no hitch;10000000;4.8180933;1092561;0;1;True;False;;MLU B.V.;Maps & Navigation;3+;False;2018-10-04;2024-03-14;False;False;False;0;0;0;0;0;0;0;0;0;1;0;0;0;0;0;0;0;0;0;Positive;9.152807028623574;0.5264060833941301;36.804257710953415;4;1988.0;Rarely Updated;Very Mature;Exceptional;Very High Engagement;Free;High Review Ratio
SHAREit Lite - Fast File Share;100000000;4.348749;510021;0;1;True;False;;Smart Media4U Technology Pte.Ltd.;Productivity;3+;False;2021-05-29;2024-01-19;False;False;False;0;0;0;0;1;0;0;0;0;0;0;0;0;0;0;0;0;0;0;Positive;196.07035788722422;0.022179533137289997;6.336966175430145;59;965.0;Rarely Updated;Mature;Great;Low Engagement;Free;Moderate Review Ratio
Messenger;5000000000;3.993614;88406211;0;1;True;False;;Meta Platforms, Inc.;Communication;12+;False;2014-01-30;2024-03-12;False;False;False;0;1;0;0;0;0;0;0;0;0;0;0;0;0;0;0;0;0;0;Positive;56.55711225990672;0.0706120563873108;3.4170381000919754;6;3694.0;Rarely Updated;Very Mature;Good;Moderate Engagement;Free;High Review Ratio
BAI Directo;1000000;4.0777893;9755;0;1;True;False;;Banco BAI;Finance;3+;False;2011-05-13;2024-02-21;False;False;False;0;0;0;0;0;1;0;0;0;0;0;0;0;0;0;0;0;0;0;Positive;102.51153254741054;0.039778834621499996;4.62714013950539;26;4667.0;Rarely Updated;Very Mature;Good;Low Engagement;Free;Moderate Review Ratio
Duolingo: Language Lessons;500000000;4.7021074;22649197;0;1;True;False;;Duolingo;Education;3+;True;2013-05-29;2024-03-13;False;False;False;0;0;0;0;0;0;0;0;0;0;1;0;0;0;0;0;0;0;0;Positive;22.075837832131533;0.2129979136355156;33.734890732644516;5;3941.0;Rarely Updated;Very Mature;Exceptional;Very High Engagement;Free;High Review Ratio
Phoenix - Fast & Safe;500000000;4.2951202;4335097;0;1;True;False;;CloudView Technology;Communication;16+;True;2016-09-01;2024-03-14;False;False;False;0;1;0;0;0;0;0;0;0;0;0;0;0;0;0;0;0;0;0;Positive;115.33767295172403;0.037239525387318805;6.717269443255726;4;2751.0;Rarely Updated;Very Mature;Great;Low Engagement;Free;Moderate Review Ratio
Music Player & MP3 - DDMusic;50000000;4.7167196;379528;0;1;True;False;;Hitchhike Tech;Music & Audio;3+;True;2022-12-08;2024-03-08;False;False;False;0;0;0;1;0;0;0;0;0;0;0;0;0;0;0;0;0;0;0;Positive;131.74258552728648;0.035802543126976;20.389106628242075;10;456.0;Rarely Updated;Mature;Exceptional;Low Engagement;Free;Moderate Review Ratio
Shazam: Find Music & Concerts;500000000;4.7395043;9837491;0;1;True;False;;Apple Inc.;Music & Audio;12+;False;;2024-03-15;False;False;False;0;0;0;1;0;0;0;0;0;0;0;0;0;0;0;0;0;0;0;Positive;50.82596771880147;0.0932496617914226;29.060244479445778;3;;Rarely Updated;Very Mature;Exceptional;Moderate Engagement;Free;High Review Ratio
TickTock-TikTok Live Wallpaper;100000000;4.5674624;1132004;0;1;True;False;;TikTok Pte. Ltd.;Tools;3+;False;2018-06-04;2023-10-23;False;False;False;0;0;0;0;0;0;0;1;0;0;0;0;0;0;0;0;0;0;0;Positive;88.3389104632139;0.051703857066496;11.18939621675184;147;1967.0;Rarely Updated;Very Mature;Exceptional;Low Engagement;Free;High Review Ratio
Telegram;1000000000;4.1642513;13624613;0;1;True;False;;Telegram FZ-LLC;Communication;12+;False;2013-09-06;2024-03-04;False;False;False;0;1;0;0;0;0;0;0;0;0;0;0;0;0;0;0;0;0;0;Positive;73.3965801450654;0.056736312397246906;4.5393657151079925;14;3832.0;Rarely Updated;Very Mature;Good;Moderate Engagement;Free;High Review Ratio
Music Download Mp3;5000000;3.886098;45202;0;1;True;False;;Downloader-App-Studio;Music & Audio;3+;True;2023-01-19;2024-01-26;False;False;False;0;0;0;1;0;0;0;0;0;0;0;0;0;0;0;0;0;0;0;Slightly positive;110.61457457634593;0.0351318803592;3.0179640718562872;52;372.0;Rarely Updated;Mature;Good;Low Engagement;Free;Moderate Review Ratio
Facebook;5000000000;3.6895196;139520826;0;1;True;False;;Meta Platforms, Inc.;Social;12+;True;;2024-03-12;False;False;False;0;0;1;0;0;0;0;0;0;0;0;0;0;0;0;0;0;0;0;Slightly positive;35.836943797910145;0.10295296442703791;2.236946575432171;6;;Rarely Updated;Very Mature;Good;Moderate Engagement;Free;High Review Ratio
App Lock - Applock Fingerprint;10000000;4.6323924;258818;0;1;True;False;;Trusted Tools;Productivity;3+;True;2022-11-01;2024-03-13;False;False;False;0;0;0;0;1;0;0;0;0;0;0;0;0;0;0;0;0;0;0;Positive;38.637189067220966;0.11989465361831998;12.990279937791602;5;498.0;Rarely Updated;Mature;Exceptional;High Engagement;Free;High Review Ratio
CapCut - Video Editor;500000000;4.373318;8615868;0;1;True;False;;Bytedance Pte. Ltd.;Video Players & Editors;3+;False;2020-04-10;2024-03-15;False;False;False;0;0;0;0;0;0;0;0;0;0;0;1;0;0;0;0;0;0;0;Positive;58.03245825028888;0.07535986122004801;7.016872951368557;3;1435.0;Rarely Updated;Very Mature;Great;Moderate Engagement;Free;High Review Ratio
Netflix;1000000000;3.8701515;14448970;0;1;True;False;;Netflix, Inc.;Entertainment;12+;False;2016-01-06;2024-03-15;False;False;False;1;0;0;0;0;0;0;0;0;0;0;0;0;0;0;0;0;0;0;Slightly positive;69.20908549190703;0.055919702918955;2.8942969365394546;3;2991.0;Rarely Updated;Very Mature;Good;Moderate Engagement;Free;High Review Ratio
MANO food & products Delivery;100000;3.6355932;1174;0;1;True;False;;MANO UK LTD;Food & Drink;3+;False;2020-12-18;2023-12-07;False;False;False;0;0;0;0;0;0;0;0;0;0;0;0;1;0;0;0;0;0;0;Slightly positive;85.17887563883431;0.042681864168;2.494773519163763;102;1084.0;Rarely Updated;Mature;Good;Low Engagement;Free;High Review Ratio
Alibaba.com - B2B marketplace;100000000;4.389567;2461594;0;1;True;False;;Alibaba Mobile;Shopping;12+;False;2012-10-17;2024-03-13;False;False;False;0;0;0;0;0;0;0;0;0;0;0;0;0;1;0;0;0;0;0;Positive;40.62408341911786;0.10805331789798;8.53255204572183;5;4165.0;Rarely Updated;Very Mature;Great;High Engagement;Free;High Review Ratio
Portuguese - English;1000000;4.511278;7967;0;1;True;False;;eflasoft;Education;3+;True;2016-10-09;2024-02-27;False;False;False;0;0;0;0;0;0;0;0;0;0;1;0;0;0;0;0;0;0;0;Positive;125.51776076314641;0.035941351826;15.598214285714286;20;2697.0;Rarely Updated;Very Mature;Exceptional;Low Engagement;Free;Moderate Review Ratio
4K Video Downloader & Player;10000000;4.1906896;102888;0;1;True;False;;Video Studio & Offline Cinema;Entertainment;12+;True;2021-06-22;2024-03-08;False;False;False;1;0;0;0;0;0;0;0;0;0;0;0;0;0;0;0;0;0;0;Positive;97.19306430293125;0.043117167156479994;4.946658377370221;10;990.0;Rarely Updated;Mature;Good;Low Engagement;Free;High Review Ratio
Heetch - Ride-hailing app;10000000;4.4847913;194843;0;1;True;False;;Heetch;Maps & Navigation;3+;False;2014-06-18;2024-03-13;False;False;False;0;0;0;0;0;0;0;0;0;1;0;0;0;0;0;0;0;0;0;Positive;51.323373177378684;0.08738301912659001;13.67345629510826;5;3556.0;Rarely Updated;Very Mature;Exceptional;Moderate Engagement;Free;High Review Ratio
NoCard Lite - Security Proxy;10000000;3.9933274;32553;0;1;True;False;;NoCard Team;Tools;3+;True;2022-03-25;2023-11-14;False;False;False;0;0;0;0;0;0;0;1;0;0;0;0;0;0;0;0;0;0;0;Positive;307.1913494915974;0.01299947868522;3.598883201489065;125;599.0;Rarely Updated;Mature;Good;Very Low Engagement;Free;Moderate Review Ratio
Clean Master Ultra Security;1000000;4.3491144;24344;0;1;True;False;;Jomapp LLC;Tools;3+;True;2023-12-21;2024-01-22;False;False;False;0;0;0;0;0;0;0;1;0;0;0;0;0;0;0;0;0;0;0;Positive;41.07788366743329;0.10587484095360002;7.731688511950655;56;32.0;Rarely Updated;Recently Launched;Great;Moderate Engagement;Free;High Review Ratio
hlonglangvpn;10000000;3.64539;5488;0;1;True;False;;Angela Rosa;Tools;3+;True;2022-07-07;2023-08-17;False;False;False;0;0;0;0;0;0;0;1;0;0;0;0;0;0;0;0;0;0;0;Positive;1822.157434402299;0.002000590032;2.0400929692039513;214;406.0;Rarely Updated;Mature;Good;Very Low Engagement;Free;Low Review Ratio
Proxy Browser;50000000;3.9002554;256739;0;1;True;False;;DS tools;Tools;3+;True;2018-12-22;2024-01-15;False;False;False;0;0;0;0;0;0;0;1;0;0;0;0;0;0;0;0;0;0;0;Positive;194.75031062674537;0.020026953422812;3.1765366314401295;63;1850.0;Rarely Updated;Very Mature;Good;Very Low Engagement;Free;Moderate Review Ratio
Flux VPN: Privacy Protection;5000000;4.0652742;3419;0;1;True;False;;Vee Tools Studio;Tools;3+;True;2023-12-20;2024-02-17;False;False;False;0;0;0;0;0;0;0;1;0;0;0;0;0;0;0;0;0;0;0;Positive;1462.4159110850699;0.00277983449796;3.746355685131195;30;59.0;Rarely Updated;Recently Launched;Good;Very Low Engagement;Free;Low Review Ratio
AI Photo Editor - AI Morph;1000000;4.535469;18822;0;1;True;False;;Daily Joy Studio;Photography;3+;True;2023-08-04;2024-03-14;False;False;False;0;0;0;0;0;0;0;0;0;0;0;0;0;0;1;0;0;0;0;Positive;53.12931675698623;0.08536659751799999;9.719789842381786;4;223.0;Rarely Updated;Established;Great;Moderate Engagement;Free;High Review Ratio
Premier Bet Livescore Official;100000;4.09901;347;0;1;True;False;;Goat Interactive;Sports;18+;True;2023-12-12;2023-12-12;False;False;False;0;0;0;0;0;0;1;0;0;0;0;0;0;0;0;0;0;0;0;Slightly negative;288.18443804026276;0.0142235647;4.944444444444445;97;0.0;Rarely Updated;Brand New;Good;Very Low Engagement;Free;Moderate Review Ratio
Holy Bible;10000000;4.918037;1718866;0;1;True;False;;Mobidic;Books & Reference;3+;True;2013-04-13;2024-02-05;False;False;False;0;0;0;0;0;0;0;0;1;0;0;0;0;0;0;0;0;0;0;Positive;5.817789170301816;0.8453446586042;109.65642421885128;42;3950.0;Rarely Updated;Very Mature;Exceptional;Very High Engagement;Free;High Review Ratio
Flash Alert - Call & SMS;500000;4.667575;2796;0;1;True;False;;Trusted App Global;Productivity;3+;True;2023-12-10;2024-02-07;False;False;False;0;0;0;0;1;0;0;0;0;0;0;0;0;0;0;0;0;0;0;Positive;178.8268955650866;0.0261010794;17.65972222222222;40;59.0;Rarely Updated;Recently Launched;Exceptional;Low Engagement;Free;Moderate Review Ratio
Pray Daily - KJV Bible & Verse;1000000;4.8375816;16793;0;1;True;False;;WOOMBIT;Books & Reference;3+;True;2023-10-27;2024-02-29;False;False;False;0;0;0;0;0;0;0;0;1;0;0;0;0;0;0;0;0;0;0;Positive;59.5486214494131;0.0812375078088;62.57751937984496;18;125.0;Rarely Updated;Established;Exceptional;Moderate Engagement;Free;High Review Ratio
Tesla Proxy - Unlimited & Safe;10000000;3.9771562;46403;0;1;True;False;;NoCard Team;Tools;3+;True;2023-01-19;2024-03-02;False;False;False;0;0;0;0;0;0;0;1;0;0;0;0;0;0;0;0;0;0;0;Positive;215.50330797577695;0.01845519791486;3.575145130079553;16;408.0;Rarely Updated;Mature;Good;Very Low Engagement;Free;Moderate Review Ratio
EB's Sports App Online;10000;4.3235292;34;0;1;True;False;;HKDevGames;Sports;18+;False;2024-01-16;2024-01-21;False;False;False;0;0;0;0;0;0;1;0;0;0;0;0;0;0;0;0;0;0;0;Neutral;294.11764705795844;0.01469999928;5.6;57;5.0;Rarely Updated;Brand New;Great;Very Low Engagement;Free;Moderate Review Ratio
Flashlight: Led Torch Light;10000000;4.044043;176068;0;1;True;False;;Infinity Technologies Global;Tools;3+;True;2017-08-13;2024-03-11;False;False;False;0;0;0;0;0;0;0;1;0;0;0;0;0;0;0;0;0;0;0;Slightly positive;56.79623781720696;0.07120265629240001;3.6574260706298145;7;2402.0;Rarely Updated;Very Mature;Good;Moderate Engagement;Free;High Review Ratio
Home Workout - No Equipment;100000000;4.8972936;3171993;0;1;True;False;;Leap Fitness Group;Health & Fitness;3+;True;2017-11-08;2024-03-13;False;False;False;0;0;0;0;0;0;0;0;0;0;0;0;0;0;0;1;0;0;0;Positive;31.52592076968644;0.15534181018144802;89.11014061112861;5;2317.0;Rarely Updated;Very Mature;Exceptional;High Engagement;Free;High Review Ratio
PDF Reader – PDF Viewer;50000000;4.4191446;87289;0;1;True;False;;EZTech Apps;Productivity;3+;True;2022-09-13;2023-12-08;False;False;False;0;0;0;0;1;0;0;0;0;0;0;0;0;0;0;0;0;0;0;Positive;572.8098614945749;0.007714854259788;8.795502707793737;101;451.0;Rarely Updated;Mature;Great;Very Low Engagement;Free;Low Review Ratio
SHAREit: Transfer, Share Files;1000000000;4.3773003;17899591;0;1;True;False;;Smart Media4U Technology Pte.Ltd.;Tools;3+;True;2013-04-28;2024-01-18;False;False;False;0;0;0;0;0;0;0;1;0;0;0;0;0;0;0;0;0;0;0;Positive;55.86719830637471;0.0783518850541773;6.6338615895416755;60;3917.0;Rarely Updated;Very Mature;Great;Moderate Engagement;Free;High Review Ratio
Tubidy Mp3 Music Downloader;1000000;4.6103764;17765;0;1;True;False;;Friends Apps Forever;Music & Audio;3+;True;2023-12-05;2023-12-05;False;False;False;0;0;0;1;0;0;0;0;0;0;0;0;0;0;0;0;0;0;0;Positive;56.29045876723864;0.081903336746;25.741157556270096;104;0.0;Rarely Updated;Brand New;Exceptional;Moderate Engagement;Free;High Review Ratio
Photo Lab Picture Editor & Art;100000000;4.266452;5356652;0;1;True;False;;Linerock Investments LTD;Photography;12+;True;2010-12-29;2024-03-15;False;False;False;0;0;0;0;0;0;0;0;0;0;0;0;0;0;1;0;0;0;0;Positive;18.668377187840466;0.22853898638704;5.696205093248411;3;4825.0;Rarely Updated;Very Mature;Great;Very High Engagement;Free;High Review Ratio
UNITEL Money;100000;4.0439563;2691;0;1;True;False;;Unitel SA;Finance;3+;False;2021-08-20;2024-02-07;False;False;False;0;0;0;0;0;1;0;0;0;0;0;0;0;0;0;0;0;0;0;Positive;37.16090672612273;0.10882286403299998;4.866004962779156;40;901.0;Rarely Updated;Mature;Good;High Engagement;Free;High Review Ratio
Don't Touch My Phone AntiTheft;10000000;4.3344874;158450;0;1;True;False;;Infinity Technologies Global;Tools;3+;True;2023-11-06;2024-03-08;False;False;False;0;0;0;0;0;0;0;1;0;0;0;0;0;0;0;0;0;0;0;Positive;63.11139160618488;0.068679952853;6.489128266507081;10;123.0;Rarely Updated;Established;Great;Moderate Engagement;Free;High Review Ratio
SI Connect (SSH/WS/DNS);10000;4.3809524;311;0;1;True;False;;Edgar Singui;Tools;3+;True;2023-05-12;2024-03-15;False;False;False;0;0;0;0;0;0;0;1;0;0;0;0;0;0;0;0;0;0;0;Positive;32.154340836002525;0.13624761963999998;7.735294117647059;3;308.0;Rarely Updated;Established;Great;High Engagement;Free;High Review Ratio
TapByte Net Proxy;5000000;3.9011195;26201;0;1;True;False;;SecureTool;Tools;3+;True;2023-10-30;2024-02-18;False;False;False;0;0;0;0;0;0;0;1;0;0;0;0;0;0;0;0;0;0;0;Positive;190.83241097667957;0.020442646403900002;3.0646138313982836;29;111.0;Rarely Updated;Established;Good;Very Low Engagement;Free;Moderate Review Ratio
Bolt: Request a Ride;50000000;4.7668505;5858060;0;1;True;False;;Bolt Technology;Maps & Navigation;3+;False;2013-07-19;2024-03-11;False;False;False;0;0;0;0;0;0;0;0;0;1;0;0;0;0;0;0;0;0;0;Positive;8.535248870786575;0.5584899248006;29.934876434841325;7;3888.0;Rarely Updated;Very Mature;Exceptional;Very High Engagement;Free;High Review Ratio
MyDStv;10000000;4.464469;347459;0;1;True;False;;MultiChoice Support Services (Pty) Ltd;Entertainment;3+;True;2019-03-11;2024-02-26;False;False;False;1;0;0;0;0;0;0;0;0;0;0;0;0;0;0;0;0;0;0;Positive;28.780374087302377;0.1551219934271;22.196445343544543;21;1813.0;Rarely Updated;Very Mature;Exceptional;High Engagement;Free;High Review Ratio
All Document Reader - One Read;10000000;4.8648615;410226;0;1;True;False;;Simple Design Ltd.;Productivity;3+;True;2021-12-19;2024-02-26;False;False;False;0;0;0;0;1;0;0;0;0;0;0;0;0;0;0;0;0;0;0;Positive;24.37680693081374;0.1995692673699;61.149578544061306;21;799.0;Rarely Updated;Mature;Exceptional;Very High Engagement;Free;High Review Ratio
Fast VPN -Security Proxy VPN;10000000;3.9874234;31955;0;1;True;False;;FIFA VPN;Tools;3+;True;2023-02-17;2024-02-14;False;False;False;0;0;0;0;0;0;0;1;0;0;0;0;0;0;0;0;0;0;0;Positive;312.9400719762156;0.0127418114747;3.532233424992362;33;362.0;Rarely Updated;Established;Good;Very Low Engagement;Free;Moderate Review Ratio
Download Music Mp3;50000000;4.2234178;383403;0;1;True;False;;Bayzid Hossain Shaded;Music & Audio;12+;True;2019-12-02;2024-02-24;False;False;False;0;0;0;1;0;0;0;0;0;0;0;0;0;0;0;0;0;0;0;Positive;130.411081812088;0.032385421095468;6.136469036101228;23;1545.0;Rarely Updated;Very Mature;Great;Low Engagement;Free;Moderate Review Ratio
Sofascore - Sports live scores;50000000;4.697424;918199;0;1;True;False;;Sofascore;Sports;3+;True;2015-04-28;2024-03-14;False;False;False;0;0;0;0;0;0;1;0;0;0;0;0;0;0;0;0;0;0;0;Positive;54.45442654587948;0.08626340038751999;18.599476039733652;4;3243.0;Rarely Updated;Very Mature;Exceptional;Moderate Engagement;Free;High Review Ratio
Bestline net - Proxy&Secure;10000000;4.082424;8022;0;1;True;False;;Unlimited DT Security Studio;Tools;3+;True;2023-09-29;2024-02-15;False;False;False;0;0;0;0;0;0;0;1;0;0;0;0;0;0;0;0;0;0;0;Positive;1246.5719272001838;0.0032749205327999996;3.845367412140575;32;139.0;Rarely Updated;Established;Good;Very Low Engagement;Free;Low Review Ratio
Video & Music Downloader;10000000;4.4903903;154211;0;1;True;False;;Media Studio Ltd;Video Players & Editors;3+;True;2022-12-01;2024-03-16;False;False;False;0;0;0;0;0;0;0;0;0;0;0;1;0;0;0;0;0;0;0;Positive;64.84621719591983;0.06924675785533;12.814112437427802;2;471.0;Rarely Updated;Mature;Exceptional;Moderate Engagement;Free;High Review Ratio
Football Scoreboard-Live Score;5000000;4.118211;6013;0;1;True;False;;Messier31;Sports;3+;True;2023-05-20;2024-01-17;False;False;False;0;0;0;0;0;0;1;0;0;0;0;0;0;0;0;0;0;0;0;Positive;831.5316813570458;0.0049525605486;4.027604630454141;61;242.0;Rarely Updated;Established;Good;Very Low Engagement;Free;Low Review Ratio
Health Tracker;10000000;4.4363475;11192;0;1;True;False;;Appsky Hong Kong Limited;Health & Fitness;3+;True;2023-10-08;2024-03-12;False;False;False;0;0;0;0;0;0;0;0;0;0;0;0;0;0;0;1;0;0;0;Positive;893.4953538241522;0.004965160122;7.054212454212454;6;156.0;Rarely Updated;Established;Great;Very Low Engagement;Free;Low Review Ratio
Unlimited MP3 Music Downloader;10000000;4.6667166;197657;0;1;True;False;;Whim Music;Music & Audio;12+;True;2019-11-27;2024-03-16;False;False;False;0;0;0;1;0;0;0;0;0;0;0;0;0;0;0;0;0;0;0;Positive;50.59269340321868;0.09224092030062;16.827474560592044;2;1571.0;Rarely Updated;Very Mature;Exceptional;Moderate Engagement;Free;High Review Ratio
VisionTunnel;1000000;3.5461538;630;0;1;True;False;;GreenWork;Tools;3+;True;2023-07-14;2024-02-05;False;False;False;0;0;0;0;0;0;0;1;0;0;0;0;0;0;0;0;0;0;0;Slightly negative;1587.3015873013353;0.0022340768939999997;1.8915094339622642;42;206.0;Rarely Updated;Established;Mixed;Very Low Engagement;Free;Low Review Ratio
Video Editor & Maker - InShot;500000000;4.758216;19971169;0;1;True;False;;InShot Video Editor;Photography;3+;True;2014-03-05;2024-03-01;False;False;False;0;0;0;0;0;0;0;0;0;0;0;0;0;0;1;0;0;0;0;Positive;25.036090776659094;0.190054271749008;35.643201515670846;17;3649.0;Rarely Updated;Very Mature;Exceptional;Very High Engagement;Free;High Review Ratio
SHEIN-Shopping Online;500000000;4.3851795;6219044;0;1;True;False;;Roadget Business PTE. LTD.;Shopping;12+;False;2014-03-18;2024-03-13;False;False;False;0;0;0;0;0;0;0;0;0;0;0;0;0;1;0;0;0;0;0;Positive;80.39820911381234;0.05454324851679599;7.396676938779516;5;3648.0;Rarely Updated;Very Mature;Great;Low Engagement;Free;High Review Ratio
Flashlight : SMS & Call Alert;500000;3.960396;275;0;1;True;False;;Share File Technologies by 090 Bravo;Communication;3+;True;2022-08-17;2024-03-15;False;False;False;0;1;0;0;0;0;0;0;0;0;0;0;0;0;0;0;0;0;0;Positive;1818.181818181157;0.0021782178;3.1774193548387095;3;576.0;Rarely Updated;Mature;Good;Very Low Engagement;Free;Low Review Ratio
VLC for Android;100000000;4.22189;1834513;0;1;True;False;;Videolabs;Video Players & Editors;3+;False;2015-02-04;2023-08-28;False;False;False;0;0;0;0;0;0;0;0;0;0;0;1;0;0;0;0;0;0;0;Positive;54.51037959393038;0.0774511208957;5.662267847286466;203;3127.0;Rarely Updated;Very Mature;Great;Moderate Engagement;Free;High Review Ratio
Music Player & MP3 Player;100000000;4.781819;3448005;0;1;True;False;;InShot Inc.;Music & Audio;3+;True;2017-06-09;2024-03-13;False;False;False;0;0;0;1;0;0;0;0;0;0;0;0;0;0;0;0;0;0;0;Positive;29.00227812894703;0.16487735821094998;34.1856729106328;5;2469.0;Rarely Updated;Very Mature;Exceptional;High Engagement;Free;High Review Ratio
ChatGPT;50000000;4.6511507;572787;0;1;True;False;;OpenAI;Productivity;12+;False;2023-07-28;2024-03-16;False;False;False;0;0;0;0;1;0;0;0;0;0;0;0;0;0;0;0;0;0;0;Positive;87.29248394254756;0.05328237312001799;18.39138629066034;2;232.0;Rarely Updated;Established;Exceptional;Low Engagement;Free;High Review Ratio
Touch VPN - Fast Wifi Security;50000000;3.8777277;172389;0;1;True;False;;The Tool Tech;Tools;3+;True;2020-09-27;2024-03-03;False;False;False;0;0;0;0;0;0;0;1;0;0;0;0;0;0;0;0;0;0;0;Positive;290.04170799760993;0.013369552009506;2.9750404782662847;15;1253.0;Rarely Updated;Very Mature;Good;Very Low Engagement;Free;Moderate Review Ratio
App Lock - Lock Apps, Pattern;10000000;4.4239373;17412;0;1;True;False;;Globally Live Satellite View Map;Tools;3+;True;2023-08-20;2024-03-13;False;False;False;0;0;0;0;0;0;0;1;0;0;0;0;0;0;0;0;0;0;0;Positive;574.316563289682;0.00770295962676;8.188397790055248;5;206.0;Rarely Updated;Established;Great;Very Low Engagement;Free;Low Review Ratio
Color Phone Call Screen Theme;10000000;4.401515;17621;0;1;True;False;;Lutech Ltd;Personalization;3+;True;2023-06-27;2024-03-01;False;False;False;0;0;0;0;0;0;0;0;0;0;0;0;0;0;0;0;1;0;0;Positive;567.5046819136227;0.007755909581499999;8.42478386167147;17;248.0;Rarely Updated;Established;Great;Very Low Engagement;Free;Low Review Ratio
Avança : Empréstimos online;1000;3.9230769;78;0;1;True;False;;CashBaseUG;Finance;3+;False;2024-02-02;2024-03-02;False;False;False;0;0;0;0;0;1;0;0;0;0;0;0;0;0;0;0;0;0;0;Neutral;12.820512820496385;0.3059999982;3.7857142857142856;16;29.0;Rarely Updated;Brand New;Good;Very High Engagement;Free;High Review Ratio
Made-in-China B2B Trade Online;10000000;4.265961;28976;0;1;True;False;;Made-in-China.com LIMITED;Shopping;12+;False;2020-05-01;2024-03-08;False;False;False;0;0;0;0;0;0;0;0;0;0;0;0;0;1;0;0;0;0;0;Positive;345.113197128657;0.0123610485936;6.150211193241816;10;1407.0;Rarely Updated;Very Mature;Great;Very Low Engagement;Free;Moderate Review Ratio
UGO Angola;100000;4.1287127;263;0;1;True;False;;AlloTaxi;Travel & Local;3+;False;2016-07-15;2023-08-23;False;False;False;0;0;0;0;0;0;0;0;0;0;0;0;0;0;0;0;0;1;0;Negative;380.2281368819847;0.010858514401;4.019607843137255;208;2595.0;Rarely Updated;Very Mature;Good;Very Low Engagement;Free;Moderate Review Ratio
XY VPN - Security Proxy VPN;100000000;3.7429729;454274;0;1;True;False;;MATRIX MOBILE PTE. LTD.;Tools;3+;True;2020-09-03;2024-03-06;False;False;False;0;0;0;0;0;0;0;1;0;0;0;0;0;0;0;0;0;0;0;Positive;220.13146250941057;0.017003352711746;2.522950707945;12;1280.0;Rarely Updated;Very Mature;Good;Very Low Engagement;Free;Moderate Review Ratio
PayPay AO;500000;4.005988;1653;0;1;True;False;;Hongkong Smarterr Technology Co., Limited;Finance;3+;False;2021-10-28;2024-02-29;False;False;False;0;0;0;0;0;1;0;0;0;0;0;0;0;0;0;0;0;0;0;Positive;302.48033877796115;0.013243796328;4.159420289855072;18;854.0;Rarely Updated;Mature;Good;Very Low Engagement;Free;Moderate Review Ratio
Pinterest;1000000000;4.47854;10307825;0;1;True;False;;Pinterest;Lifestyle;12+;True;2012-08-14;2024-03-13;False;False;False;0;0;0;0;0;0;0;0;0;0;0;0;0;0;0;0;0;0;1;Positive;97.01367650304502;0.046164006575499995;9.664863164381584;5;4229.0;Rarely Updated;Very Mature;Great;Low Engagement;Free;High Review Ratio
Shorts VotTak: Short Video App;10000000;4.0528226;218204;0;1;True;False;;Om Newgen Technologies;Social;16+;True;2020-09-14;2024-02-22;False;False;False;0;0;1;0;0;0;0;0;0;0;0;0;0;0;0;0;0;0;0;Positive;45.828674084801364;0.08843421026104;4.052021080767582;25;1256.0;Rarely Updated;Very Mature;Good;Moderate Engagement;Free;High Review Ratio
Buttocks Workout - Fitness App;50000000;4.849018;398574;0;1;True;False;;Simple Design Ltd.;Health & Fitness;3+;True;2017-09-13;2023-10-20;False;False;False;0;0;0;0;0;0;0;0;0;0;0;0;0;0;0;1;0;0;0;Positive;125.44721933693614;0.03865385000664;46.918310202093984;150;2228.0;Rarely Updated;Very Mature;Exceptional;Low Engagement;Free;Moderate Review Ratio
Lighter Net Proxy;5000000;3.9659643;17410;0;1;True;False;;SecureTool;Tools;3+;True;2023-10-26;2024-02-18;False;False;False;0;0;0;0;0;0;0;1;0;0;0;0;0;0;0;0;0;0;0;Positive;287.19126938540904;0.0138094876926;3.381289094370411;29;115.0;Rarely Updated;Established;Good;Very Low Engagement;Free;Moderate Review Ratio
Portuguese Dictionary Offline;1000000;4.4415746;8122;0;1;True;False;;Livio;Books & Reference;3+;False;2016-08-02;2024-02-27;False;False;False;0;0;0;0;0;0;0;0;1;0;0;0;0;0;0;0;0;0;0;Positive;123.12238364934593;0.0360744689012;11.43421052631579;20;2765.0;Rarely Updated;Very Mature;Exceptional;Low Engagement;Free;Moderate Review Ratio
Sticker Maker for WhatsApp;10000000;4.8687124;232509;0;1;True;False;;Trusted Tools;Communication;3+;True;2018-12-18;2023-12-25;False;False;False;0;1;0;0;0;0;0;0;0;0;0;0;0;0;0;0;0;0;0;Positive;43.009087820256404;0.11320194514116;55.06678040458201;84;1833.0;Rarely Updated;Very Mature;Exceptional;High Engagement;Free;High Review Ratio
AliExpress;500000000;4.5817876;14855215;0;1;True;False;;Alibaba Mobile;Shopping;12+;False;2012-09-27;2024-03-17;False;False;False;0;0;0;0;0;0;0;0;0;0;0;0;0;1;0;0;0;0;0;Positive;33.658213630701404;0.13612687976466803;15.483132987559673;1;4189.0;Rarely Updated;Very Mature;Exceptional;High Engagement;Free;High Review Ratio
DJ Music mixer - DJ Mix Studio;10000000;4.328119;24873;0;1;True;False;;Easyelife;Music & Audio;3+;True;2023-04-12;2024-02-23;False;False;False;0;0;0;1;0;0;0;0;0;0;0;0;0;0;0;0;0;0;0;Positive;402.0423752663515;0.010765330388700001;6.937902952154734;24;317.0;Rarely Updated;Established;Great;Very Low Engagement;Free;Moderate Review Ratio
Mp3 Downloader Download Music;5000000;4.485568;81660;0;1;True;False;;Mp3 Music Fast Downloader Studio;Music & Audio;12+;True;2022-06-17;2023-12-08;False;False;False;0;0;0;1;0;0;0;0;0;0;0;0;0;0;0;0;0;0;0;Positive;61.22948812147923;0.073258296576;11.773929049531459;101;539.0;Rarely Updated;Mature;Exceptional;Moderate Engagement;Free;High Review Ratio
Video Downloader HD - Vidow;10000000;4.0299706;87571;0;1;True;False;;Vidow™;Social;3+;True;2022-08-31;2024-01-16;False;False;False;0;0;1;0;0;0;0;0;0;0;0;0;0;0;0;0;0;0;0;Positive;114.19305477840824;0.035290855541260005;3.495605284443246;62;503.0;Rarely Updated;Mature;Good;Low Engagement;Free;Moderate Review Ratio
Diary with Lock: Daily Journal;10000000;4.8167586;332181;0;1;True;False;;Simple Design Ltd.;Lifestyle;3+;True;2022-09-07;2024-03-12;False;False;False;0;0;0;0;0;0;0;0;0;0;0;0;0;0;0;0;0;0;1;Positive;30.104069769192087;0.16000356885066;34.361380798274006;6;552.0;Rarely Updated;Mature;Exceptional;High Engagement;Free;High Review Ratio
ShortTV - Watch Dramas & Shows;5000000;3.3601046;54521;0;1;True;False;;SHORTTV LIMITED;Entertainment;3+;True;2023-09-03;2024-02-26;False;False;False;1;0;0;0;0;0;0;0;0;0;0;0;0;0;0;0;0;0;0;Slightly negative;91.70778232240771;0.03663925257932;1.5020625479662317;21;176.0;Rarely Updated;Established;Mixed;Low Engagement;Free;High Review Ratio
Document Reader: PDF, DOC, XLS;10000000;4.747377;118769;0;1;True;False;;QR Code Scanner.;Productivity;3+;True;2022-07-29;2024-02-05;False;False;False;0;0;0;0;1;0;0;0;0;0;0;0;0;0;0;0;0;0;0;Positive;84.19705478702348;0.05638412189130001;21.724311748739822;42;556.0;Rarely Updated;Mature;Exceptional;Moderate Engagement;Free;High Review Ratio
Photo Video Maker With Music;5000000;4.439359;8102;0;1;True;False;;Litter Penguin;Video Players & Editors;3+;True;2023-08-30;2024-03-11;False;False;False;0;0;0;0;0;0;0;0;0;0;0;1;0;0;0;0;0;0;0;Positive;617.131572451239;0.0071935373236;8.809402795425667;7;194.0;Rarely Updated;Established;Great;Very Low Engagement;Free;Low Review Ratio
All Languages Translator app;5000000;4.2844877;49594;0;1;True;False;;Tool Apps Hub;Education;3+;True;2019-02-23;2024-03-15;False;False;False;0;0;0;0;0;0;0;0;0;0;1;0;0;0;0;0;0;0;0;Positive;100.81864741702604;0.04249697659876;6.328893117665715;3;1847.0;Rarely Updated;Very Mature;Great;Low Engagement;Free;Moderate Review Ratio
